CustomerID,CustomerSegment,Frequency,FrequencyScore,Monetary,MonetaryScore,Recency,RecencyScore,RFM_SCORE
,Champions,134697,5,1733152.5199992636,5,0,5,555
12346,At Risk,1,1,77183.6,5,326,2,215
12347,Others,182,5,4309.999999999997,5,40,2,255
12348,Others,31,3,1797.24,4,76,1,134
12349,Loyal Customers,73,4,1757.55,4,19,4,444
12350,Others,17,2,334.40000000000003,2,311,2,222
12352,Others,85,4,2506.040000000001,5,73,1,145
12353,Others,4,1,89,1,205,4,411
12354,Others,58,4,1079.4,4,233,3,344
12355,Lost,13,1,459.4,2,96,1,112
12356,Others,59,4,2811.4300000000007,5,23,3,345
12357,Loyal Customers,131,5,6207.669999999996,5,182,4,455
12358,Others,19,2,1168.06,4,3,3,324
12359,Others,248,5,6372.580000000005,5,9,1,155
12360,Others,129,5,2662.0600000000004,5,53,2,255
12361,Others,10,1,189.89999999999998,1,288,3,311
12362,Others,266,5,5226.230000000003,5,30,3,355
12363,Others,23,2,552,3,36,2,223
12364,Others,85,4,1313.1000000000001,4,41,2,244
12365,Others,22,2,641.38,3,292,3,323
12367,Others,11,1,168.9,1,212,4,411
12370,Others,167,5,3545.689999999998,5,52,2,255
12371,Others,63,4,1887.9600000000003,4,30,3,344
12372,Others,52,3,1298.0400000000002,4,35,2,234
12373,Others,14,2,364.6,2,342,2,222
12374,Others,33,3,742.93,3,26,3,333
12375,Potential Loyalist,17,2,457.5000000000001,2,11,5,522
12377,Others,77,4,1628.1199999999997,4,316,2,244
12378,Others,219,5,4008.6200000000013,5,305,2,255
12379,Others,40,3,852.2399999999997,3,82,1,133
12380,Others,104,4,2724.81,5,22,3,345
12381,Loyal Customers,87,4,1845.3100000000006,4,0,5,544
12383,Others,99,4,1850.5599999999997,4,9,1,144
12384,Others,27,2,585.2700000000001,3,29,3,323
12386,Others,10,1,401.90000000000003,2,192,4,412
12388,Loyal Customers,100,4,2780.6600000000003,5,16,4,445
12390,Others,32,3,549.8399999999999,3,80,1,133
12391,Others,100,4,460.88999999999993,2,22,3,342
12393,Others,64,4,1582.6000000000004,4,39,2,244
12394,Potential Loyalist,27,2,1272.48,4,153,4,424
12395,Others,156,5,3018.6299999999987,5,5,2,255
12397,Champions,126,5,2409.9000000000005,5,136,5,555
12398,Others,85,4,1635.6599999999999,4,46,2,244
12399,Loyal Customers,59,4,1108.65,4,2,4,444
12401,Lost,5,1,84.3,1,99,1,111
12402,Others,11,1,225.6,1,324,2,211
12403,Others,5,1,427.7,2,50,2,212
12405,Loyal Customers,54,3,1710.3900000000006,4,149,5,534
12406,Others,105,4,3415.300000000001,5,23,3,345
12407,Others,77,4,1708.1199999999997,4,50,2,244
12408,Loyal Customers,105,4,2888.5500000000006,5,152,4,445
12409,Others,109,4,11072.670000000002,5,65,1,145
12410,Others,26,2,693.3299999999999,3,252,3,323
12412,Others,61,4,1226.8799999999999,4,75,1,144
12413,Loyal Customers,38,3,758.0999999999999,3,192,4,433
12414,Potential Loyalist,18,2,562.41,3,188,4,423
12415,Others,716,5,124914.52999999975,5,25,3,355
12417,Others,192,5,3649.1,5,40,2,255
12418,Loyal Customers,34,3,668.5799999999997,3,113,5,533
12420,Loyal Customers,29,3,600.3900000000001,3,153,4,433
12421,Loyal Customers,45,3,807.0400000000002,3,16,4,433
12422,Loyal Customers,39,3,803.5599999999998,3,169,4,433
12423,Others,125,5,1859.3100000000002,4,89,1,154
12424,Loyal Customers,30,3,1760.9599999999998,4,163,4,434
12425,Others,36,3,777.1999999999999,3,79,1,133
12426,Loyal Customers,30,3,582.7299999999999,3,195,4,433
12427,Others,31,3,825.8000000000002,3,22,3,333
12428,Others,294,5,7956.460000000004,5,26,3,355
12429,Loyal Customers,97,4,3750.400000000001,5,10,5,545
12430,Others,11,1,256.4,2,44,2,212
12431,Loyal Customers,236,5,6487.449999999999,5,2,4,455
12432,Others,108,4,5059.3200000000015,5,43,2,245
12433,Champions,420,5,13375.869999999992,5,10,5,555
12434,Others,50,3,806.14,3,85,1,133
12435,Others,36,3,7829.889999999998,5,80,1,135
12436,Others,16,2,509.01000000000005,3,335,2,223
12437,Others,200,5,4951.409999999997,5,9,1,155
12438,Loyal Customers,98,4,2906.8500000000004,5,15,5,545
12441,Others,11,1,173.55,1,485,2,211
12442,Others,12,1,172.06,1,181,4,411
12444,Champions,177,5,5005.46,5,0,5,555
12445,Others,4,1,133.4,1,23,3,311
12446,Others,58,4,1002.3099999999998,4,58,1,144
12447,Others,26,2,476.49,2,67,1,122
12448,Others,22,2,449.4500000000001,2,45,2,222
12449,Others,191,5,4067.2900000000013,5,23,3,355
12450,Others,8,1,197.88,1,174,4,411
12451,Champions,354,5,9035.519999999999,5,11,5,555
12452,Potential Loyalist,22,2,430.57000000000005,2,17,4,422
12453,Loyal Customers,43,3,707.0899999999999,3,135,5,533
12454,At Risk,15,2,3528.34,5,57,1,125
12455,Others,90,4,2466.859999999997,5,74,1,145
12456,Others,125,5,3181.039999999998,5,45,2,255
12457,Others,63,4,2363.2299999999996,5,82,1,145
12458,Others,38,3,947.4000000000001,4,72,1,134
12461,Loyal Customers,35,3,826.8800000000001,3,125,5,533
12462,Loyal Customers,62,4,1189.5900000000001,4,19,4,444
12463,Others,83,4,1344.7799999999997,4,6,1,144
12464,Loyal Customers,29,3,1212.0499999999997,4,11,5,534
12465,Loyal Customers,47,3,742.1900000000002,3,18,4,433
12468,Others,38,3,729.54,3,218,3,333
12471,Champions,460,5,19824.049999999945,5,11,5,555
12472,Others,339,5,6572.110000000003,5,52,2,255
12473,Others,168,5,3938.55,5,54,1,155
12474,Others,424,5,7375.789999999998,5,3,3,355
12475,Others,36,3,723.38,3,54,1,133
12476,Loyal Customers,233,5,6816.420000000005,5,16,4,455
12477,Others,300,5,13219.73999999999,5,23,3,355
12478,Loyal Customers,36,3,680.9900000000002,3,181,4,433
12479,Loyal Customers,31,3,527.2,3,12,5,533
12480,Others,154,5,3281.6300000000015,5,29,3,355
12481,Others,217,5,5596.320000000002,5,23,3,355
12483,Loyal Customers,75,4,2484.980000000001,5,18,4,445
12484,Champions,346,5,4541.720000000001,5,101,5,555
12488,Loyal Customers,55,3,1298.6599999999999,4,10,5,534
12489,Potential Loyalist,15,2,334.92999999999995,2,162,4,422
12490,Loyal Customers,245,5,5417.9299999999985,5,18,4,455
12491,Others,26,2,460.4000000000001,2,333,2,222
12492,Potential Loyalist,20,2,263.21,2,106,5,522
12493,Potential Loyalist,22,2,433.74,2,166,4,422
12494,Loyal Customers,77,4,1246.1000000000006,4,16,4,444
12497,At Risk,14,2,1043.1,4,82,1,124
12498,Others,23,2,403.7,2,22,3,322
12500,Others,61,4,4257.820000000001,5,24,3,345
12501,Loyal Customers,149,5,2169.3899999999994,5,162,4,455
12502,Loyal Customers,147,5,3723.87,5,188,4,455
12504,Others,9,1,482.04999999999995,2,19,4,412
12506,Others,23,2,73.50000000000003,1,233,3,321
12507,Potential Loyalist,22,2,1304.81,4,135,5,524
12508,Others,69,4,398.27000000000004,2,27,3,342
12509,Others,7,1,176.5,1,285,3,311
12510,Loyal Customers,33,3,982.57,4,143,5,534
12512,Others,34,3,138.03000000000006,1,244,3,331
12513,Loyal Customers,35,3,612.2900000000001,3,113,5,533
12514,Others,51,3,1017.6800000000002,4,268,3,334
12515,Others,16,2,383.7,2,354,2,222
12516,At Risk,26,2,1312.06,4,4,2,224
12517,Others,284,5,2502.8399999999983,5,29,3,355
12518,Champions,124,5,2056.8899999999994,4,0,5,554
12519,Potential Loyalist,18,2,340.84,2,153,4,422
12520,Others,152,5,2634.26,5,37,2,255
12521,Loyal Customers,38,3,599.6800000000001,3,143,5,533
12522,Others,12,1,192.72000000000003,1,40,2,211
12523,Others,106,4,1789.7700000000007,4,9,1,144
12524,Champions,144,5,4485.719999999999,5,10,5,555
12526,Others,71,4,1316.6600000000005,4,54,1,144
12527,Others,18,2,348.71000000000004,2,82,1,122
12528,Loyal Customers,92,4,1933.4800000000007,4,10,5,544
12530,Others,66,4,1662.2799999999993,4,30,3,344
12531,Potential Loyalist,17,2,125.22,1,15,5,521
12532,Others,16,2,349.83,2,90,1,122
12534,Others,63,4,1089.18,4,336,2,244
12535,Others,34,3,716.3500000000001,3,92,1,133
12536,Others,261,5,12601.830000000005,5,30,3,355
12538,Others,21,2,363.95,2,60,1,122
12539,Others,273,5,5568.349999999995,5,23,3,355
12540,Loyal Customers,478,5,13400.23999999999,5,20,4,455
12541,Others,52,3,981.1800000000002,4,60,1,134
12544,Others,19,2,372.7,2,274,3,322
12545,Others,50,3,1000.3899999999999,4,76,1,134
12546,Others,69,4,1161.5,4,47,2,244
12547,Others,8,1,207.8,1,198,4,411
12548,Others,5,1,95.19999999999999,1,167,4,411
12550,Others,57,3,964.8299999999994,4,80,1,134
12551,Others,10,1,168,1,358,2,211
12552,Others,20,2,437.81999999999994,2,40,2,222
12553,Champions,191,5,3692.280000000001,5,0,5,555
12556,Others,121,4,603.7099999999997,3,33,2,243
12557,Loyal Customers,33,3,11990.96,5,17,4,435
12558,Others,11,1,269.96000000000004,2,301,2,212
12559,Others,21,2,561.7099999999999,3,311,2,223
12560,Loyal Customers,105,4,2134.01,5,113,5,545
12561,Others,16,2,238.85,1,69,1,121
12562,Others,168,5,3781.7400000000025,5,23,3,355
12564,Others,21,2,456.9000000000001,2,262,3,322
12565,Others,9,1,145.92,1,289,3,311
12566,Others,19,2,351.65000000000003,2,87,1,122
12567,Others,446,5,9401.279999999993,5,23,3,355
12569,Champions,188,5,4124.69,5,0,5,555
12571,Others,34,3,519.6099999999999,3,40,2,233
12572,Others,60,4,1020.4200000000003,4,52,2,244
12573,Others,28,2,160.54,1,228,3,321
12574,Others,11,1,218.45000000000002,1,316,2,211
12576,Loyal Customers,88,4,1315.8299999999997,4,130,5,544
12577,Others,147,5,657.8000000000003,3,243,3,353
12578,Others,114,4,2794.5099999999993,5,22,3,345
12579,Others,29,3,440.41999999999996,2,79,1,132
12580,Potential Loyalist,24,2,415.7,2,159,4,422
12581,Others,15,2,197.70999999999998,1,40,2,221
12582,Others,22,2,511.3599999999999,3,239,3,323
12583,Champions,247,5,7281.379999999993,5,0,5,555
12584,Loyal Customers,96,4,2338.1499999999996,5,18,4,445
12585,Others,87,4,2040.099999999999,4,235,3,344
12586,Others,11,1,196.94,1,18,4,411
12587,Others,4,1,144,1,301,2,211
12588,Others,10,1,214.9,1,40,2,211
12589,Others,35,3,646.6800000000001,3,29,3,333
12590,Others,68,4,9864.260000000004,5,5,2,245
12591,Others,26,2,452.84999999999985,2,318,2,222
12592,Others,18,2,437.59999999999997,2,66,1,122
12593,Potential Loyalist,21,2,418.09999999999997,2,109,5,522
12594,Others,118,4,3338.2199999999984,5,47,2,245
12596,Others,27,2,618.27,3,36,2,223
12597,Loyal Customers,206,5,3811.2200000000016,5,20,4,455
12598,Champions,132,5,3023.079999999999,5,10,5,555
12599,Others,62,4,1032.5800000000006,4,33,2,244
12600,Others,64,4,2599.0400000000004,5,29,3,345
12601,Others,28,2,577.0600000000001,3,39,2,223
12602,Others,12,1,153.12000000000003,1,0,5,511
12603,Others,3,1,739.1999999999999,3,22,3,313
12604,Others,16,2,254.17999999999995,2,80,1,122
12607,Others,101,4,1579.51,4,61,1,144
12609,Others,60,4,1126.8500000000001,4,79,1,144
12610,Others,106,4,2099.540000000001,5,23,3,345
12611,Others,65,4,1193.32,4,53,2,244
12612,Others,19,2,704.0400000000001,3,75,1,123
12613,Others,153,5,3344.3799999999983,5,58,1,155
12614,Potential Loyalist,20,2,315.59999999999997,2,160,4,422
12615,Others,105,4,2291.1900000000005,5,72,1,145
12616,Loyal Customers,32,3,713.3,3,215,4,433
12617,Others,42,3,355.5300000000002,2,60,1,132
12618,Others,11,1,177.31,1,22,3,311
12619,Loyal Customers,90,4,3641.2400000000002,5,17,4,445
12620,Loyal Customers,92,4,1339.4099999999999,4,15,5,544
12621,Others,467,5,13689.67,5,5,2,255
12622,Others,11,1,180.09999999999997,1,233,3,311
12623,Potential Loyalist,18,2,305.1,2,129,5,522
12624,Loyal Customers,38,3,641.1300000000001,3,107,5,533
12625,Others,86,4,2683.8199999999997,5,5,2,245
12626,Others,294,5,6620.479999999998,5,24,3,355
12627,Champions,230,5,4478.53,5,11,5,555
12628,Loyal Customers,41,3,786.4599999999998,3,182,4,433
12630,Loyal Customers,64,4,1270.8799999999999,4,10,5,544
12631,Others,31,3,640.5000000000002,3,58,1,133
12633,Loyal Customers,101,4,2163.9799999999996,5,0,5,545
12635,Others,101,4,1689.18,4,31,2,244
12637,Others,390,5,6021.900000000001,5,92,1,155
12638,Loyal Customers,39,3,671.69,3,182,4,433
12639,Others,22,2,486.1,2,239,3,322
12640,Others,53,3,1174.58,4,24,3,334
12641,Others,10,1,185.9,1,116,5,511
12642,Others,47,3,1013.26,4,26,3,334
12643,At Risk,24,2,3344.6400000000003,5,39,2,225
12644,Others,31,3,477.9100000000001,2,305,2,232
12645,Loyal Customers,73,4,1775.1800000000005,4,110,5,544
12646,Others,45,3,1346.9700000000003,4,50,2,234
12647,Others,122,5,3722.820000000001,5,23,3,355
12648,Potential Loyalist,21,2,318.05,2,125,5,522
12649,Others,31,3,623.5099999999999,3,35,2,233
12650,Potential Loyalist,20,2,314.44,2,181,4,422
12651,Others,9,1,114.00000000000003,1,100,5,511
12652,Others,48,3,919.9799999999998,3,9,1,133
12653,Loyal Customers,43,3,2209.8500000000004,5,149,5,535
12654,Loyal Customers,38,3,601.98,3,11,5,533
12656,Loyal Customers,126,5,4051.170000000002,5,18,4,455
12657,Loyal Customers,47,3,1643.18,4,12,5,534
12658,Loyal Customers,36,3,686.0500000000001,3,19,4,433
12659,Lost,5,1,91.68,1,60,1,111
12660,Others,13,1,245.10000000000002,1,12,5,511
12662,Others,230,5,3849.7799999999984,5,24,3,355
12664,Loyal Customers,37,3,4881.879999999999,5,0,5,535
12665,Others,3,1,63,1,325,2,211
12667,Loyal Customers,33,3,620.13,3,0,5,533
12668,Champions,161,5,3807.150000000002,5,12,5,555
12669,Others,101,4,2744.0300000000007,5,3,3,345
12670,Loyal Customers,92,4,2996.0500000000006,5,11,5,545
12672,Others,10,1,225.9,1,330,2,211
12673,Others,42,3,610.52,3,242,3,333
12674,Others,83,4,1970.6000000000006,4,92,1,144
12676,Others,45,3,1331.3900000000006,4,25,3,334
12678,Others,165,5,17628.460000000003,5,43,2,255
12679,Loyal Customers,48,3,1113.0200000000002,4,0,5,534
12680,Others,52,3,862.81,3,31,2,233
12681,Champions,638,5,13787.54,5,15,5,555
12682,Loyal Customers,525,5,12288.219999999998,5,2,4,455
12683,Others,344,5,8476.569999999998,5,5,2,255
12684,Others,105,4,2283.6299999999997,5,25,3,345
12685,Others,157,5,2863.0800000000004,5,29,3,355
12686,Lost,7,1,89.14,1,638,1,111
12688,Champions,171,5,4873.810000000005,5,114,5,555
12689,Others,72,4,1247.61,4,26,3,344
12690,Potential Loyalist,16,2,389.00999999999993,2,206,4,422
12691,Loyal Customers,32,3,1035.8,4,0,5,534
12693,Others,39,3,855.9099999999997,3,5,2,233
12694,Others,37,3,869.6699999999998,3,71,1,133
12695,Potential Loyalist,27,2,582.1,3,108,5,523
12697,Others,41,3,957.5899999999999,4,29,3,334
12700,Champions,268,5,4939.990000000006,5,127,5,555
12701,Others,53,3,797.7099999999999,3,36,2,233
12702,Others,12,1,219,1,20,4,411
12703,Others,21,2,283.54999999999995,2,72,1,122
12704,Others,88,4,2340.84,5,23,3,345
12705,Loyal Customers,334,5,6868.290000000003,5,16,4,455
12707,Others,33,3,603.42,3,292,3,333
12708,Others,157,5,2712.9100000000008,5,60,1,155
12709,Champions,208,5,9736.519999999991,5,0,5,555
12710,Loyal Customers,77,4,1149.0200000000007,4,202,4,444
12712,Others,133,5,4396.129999999999,5,9,1,155
12713,Others,38,3,848.5499999999998,3,89,1,133
12714,Champions,259,5,4708.859999999994,5,10,5,555
12715,Potential Loyalist,21,2,353.85999999999996,2,107,5,522
12716,Loyal Customers,69,4,1053.4899999999996,4,134,5,544
12717,Others,55,3,1030.98,4,33,2,234
12718,Others,19,2,238.25000000000003,1,72,1,121
12719,Loyal Customers,39,3,644.9499999999999,3,214,4,433
12720,Others,354,5,5781.730000000001,5,3,3,355
12721,Others,161,5,2656.130000000001,5,80,1,155
12722,Others,53,3,997.6299999999999,4,3,3,334
12723,Loyal Customers,69,4,725.0699999999998,3,17,4,443
12724,Others,53,3,1031.4099999999999,4,39,2,234
12725,Others,24,2,427.79999999999995,2,638,1,122
12726,Others,124,5,2609.1000000000004,5,29,3,355
12727,Champions,139,5,3980.7000000000003,5,11,5,555
12728,Others,46,3,836.3299999999999,3,39,2,233
12729,Potential Loyalist,26,2,453.0100000000001,2,114,5,522
12731,Others,274,5,18895.910000000003,5,24,3,355
12732,Others,12,1,236.2600000000001,1,180,4,411
12733,Others,22,2,383.95,2,235,3,322
12734,Others,4,1,110.39999999999999,1,353,2,211
12735,Loyal Customers,43,3,779.5699999999998,3,192,4,433
12736,Others,4,1,234.00000000000003,1,39,2,211
12738,Lost,11,1,155.35,1,666,1,111
12739,Others,38,3,1013.0400000000001,4,79,1,134
12740,Potential Loyalist,27,2,427.5999999999999,2,153,4,422
12743,Loyal Customers,134,5,546.4299999999997,3,135,5,553
12744,Others,222,5,21279.289999999994,5,52,2,255
12747,Others,103,4,4196.010000000001,5,23,3,345
12748,Others,4596,5,33719.730000000316,5,5,2,255
12749,Others,199,5,4090.880000000001,5,23,3,355
12750,Others,15,2,275.88,2,277,3,322
12752,Others,53,3,4366.779999999999,5,82,1,135
12753,Others,197,5,21429.39,5,23,3,355
12754,Loyal Customers,63,4,3010.74,5,160,4,445
12755,Others,4,1,3811.9499999999994,5,251,3,315
12756,Lost,4,1,112.08000000000001,1,87,1,111
12757,Others,371,5,7857.099999999999,5,5,2,255
12758,Loyal Customers,97,4,2791.590000000001,5,117,5,545
12759,Others,95,4,1531.4400000000007,4,53,2,244
12762,Others,69,4,1898.5200000000004,4,26,3,344
12763,Potential Loyalist,18,2,494.08,3,139,5,523
12764,Others,45,3,1693.8800000000003,4,317,2,234
12766,Others,310,5,6989.629999999999,5,58,1,155
12769,Others,32,3,1143.6000000000001,4,239,3,334
12770,Others,12,1,1351.4499999999998,4,211,4,414
12772,Others,55,3,892.4700000000004,3,30,3,333
12775,Loyal Customers,66,4,1386.0400000000004,4,18,4,444
12778,Loyal Customers,50,3,822.2300000000001,3,20,4,433
12779,Loyal Customers,149,5,3981.360000000003,5,199,4,455
12781,Potential Loyalist,25,2,826.7400000000001,3,153,4,423
12782,Loyal Customers,103,4,2330.9200000000014,5,150,4,445
12783,Others,84,4,2225.91,5,54,1,145
12784,Loyal Customers,59,4,574.42,3,10,5,543
12785,Others,14,2,311.95,2,424,2,222
12787,Potential Loyalist,20,2,463.65999999999997,2,10,5,522
12789,Others,4,1,91.85000000000001,1,214,4,411
12790,Potential Loyalist,21,2,324.9200000000001,2,193,4,422
12791,Lost,2,1,192.60000000000002,1,697,1,111
12792,Others,25,2,400.54,2,257,3,322
12793,Potential Loyalist,24,2,545.48,3,100,5,523
12794,Others,45,3,860.4099999999999,3,54,1,133
12795,Potential Loyalist,14,2,430.4800000000001,2,19,4,422
12797,Others,13,1,254.03,2,454,2,212
12798,Others,8,1,6977.039999999999,5,11,5,515
12802,Potential Loyalist,25,2,427.5799999999999,2,187,4,422
12808,Potential Loyalist,28,2,483.65000000000015,2,126,5,522
12809,Potential Loyalist,25,2,489.31,2,178,4,422
12811,Others,31,3,514.85,3,261,3,333
12812,Others,15,2,229.63999999999993,1,45,2,221
12814,Others,2,1,125.92,1,102,5,511
12815,Loyal Customers,47,3,1063.46,4,148,5,534
12816,Loyal Customers,29,3,572.2,3,177,4,433
12817,Others,4,1,166.04,1,282,3,311
12818,Others,14,2,1542.08,4,262,3,324
12820,Others,59,4,942.3399999999999,4,45,2,244
12821,Lost,6,1,92.72,1,96,1,111
12822,Others,46,3,948.8799999999999,4,71,1,134
12823,At Risk,5,1,1759.5,4,75,1,114
12824,Others,25,2,397.11999999999995,2,30,3,322
12826,Others,91,4,1474.7199999999993,4,60,1,144
12827,Others,25,2,430.15,2,45,2,222
12828,Loyal Customers,56,3,1018.7100000000003,4,113,5,534
12829,Others,11,1,293,2,162,4,412
12830,Others,38,3,6814.640000000001,5,92,1,135
12831,Others,9,1,215.05,1,263,3,311
12832,Potential Loyalist,27,2,383.03000000000003,2,152,4,422
12833,Potential Loyalist,24,2,417.37999999999994,2,146,5,522
12834,Others,18,2,312.38,2,310,2,222
12836,Others,175,5,2612.8599999999988,5,30,3,355
12837,Others,12,1,134.1,1,174,4,411
12838,Loyal Customers,123,5,683.1299999999994,3,182,4,453
12839,Champions,314,5,5591.420000000003,5,12,5,555
12840,Others,113,4,2726.769999999999,5,65,1,145
12841,Others,420,5,4022.3499999999967,5,4,2,255
12842,Others,34,3,1118.99,4,71,1,134
12843,Others,103,4,1702.26,4,66,1,144
12844,Others,52,3,325.9599999999999,2,60,1,132
12845,Others,27,2,354.09000000000003,2,268,3,322
12847,Others,91,4,871.5399999999998,3,23,3,343
12849,Loyal Customers,51,3,1050.8899999999999,4,121,5,534
12851,Others,50,3,135.17999999999995,1,245,3,331
12852,Others,17,2,311.54999999999995,2,295,3,322
12853,Loyal Customers,78,4,1957.1,4,135,5,544
12854,Others,110,4,1324.5000000000007,4,6,1,144
12855,Lost,3,1,38.1,1,666,1,111
12856,Loyal Customers,314,5,2179.9300000000007,5,19,4,455
12857,Others,46,3,1106.4000000000003,4,69,1,134
12863,Others,5,1,521.2,3,53,2,213
12864,Others,3,1,147.12,1,139,5,511
12865,Others,95,4,1568.229999999999,4,27,3,344
12866,Others,26,2,559.1199999999999,3,341,2,223
12867,Others,538,5,4036.819999999996,5,27,3,355
12868,Others,107,4,1607.0600000000009,4,9,1,144
12871,Lost,11,1,380.64000000000004,2,85,1,112
12872,Others,66,4,599.9699999999998,3,327,2,243
12873,Others,4,1,374,2,310,2,212
12875,Others,2,1,343.2300000000001,2,144,5,512
12876,Others,85,4,2218.0200000000004,5,58,1,145
12877,Others,154,5,1535.7700000000007,4,25,3,354
12878,Others,47,3,854.9899999999999,3,237,3,333
12879,Others,10,1,573.22,3,45,2,213
12881,Lost,7,1,298,2,98,1,112
12882,Others,13,1,1463.0399999999995,4,10,5,514
12883,Others,42,3,703.4700000000001,3,25,3,333
12884,Others,7,1,309.05000000000007,2,1,5,512
12885,Loyal Customers,71,4,1175.2199999999996,4,124,5,544
12886,Others,82,4,1378.4,4,249,3,344
12888,Lost,5,1,354.12,2,96,1,112
12890,Others,82,4,380.46999999999997,2,25,3,342
12891,Others,3,1,331,2,157,4,412
12893,Others,34,3,188.14,1,90,1,131
12895,Others,22,2,372.79999999999995,2,43,2,222
12897,Others,4,1,216.5,1,38,2,211
12901,Loyal Customers,116,4,17654.539999999997,5,11,5,545
12902,Others,10,1,138.68,1,265,3,311
12904,Loyal Customers,72,4,509.57999999999976,3,19,4,443
12906,Loyal Customers,63,4,2919.809999999999,5,12,5,545
12908,Others,2,1,750,3,177,4,413
12909,Others,91,4,2178.67,5,40,2,245
12910,Others,75,4,3075.0400000000013,5,6,1,145
12912,Potential Loyalist,24,2,1662.3,4,15,5,524
12913,Loyal Customers,50,3,2483.6299999999997,5,16,4,435
12915,Potential Loyalist,22,2,363.65,2,149,5,522
12916,Loyal Customers,107,4,3006.1500000000005,5,139,5,545
12917,Others,2,1,594,3,277,3,313
12919,Others,50,3,1335.1899999999998,4,3,3,334
12920,Potential Loyalist,28,2,164.23000000000002,1,18,4,421
12921,Champions,720,5,16587.09000000002,5,10,5,555
12922,Others,28,2,405.38,2,337,2,222
12923,Loyal Customers,29,3,176.97,1,183,4,431
12924,Loyal Customers,30,3,933.7000000000003,3,1,5,533
12925,Others,45,3,694.0499999999998,3,75,1,133
12928,Others,84,4,2062.6999999999994,5,6,1,145
12929,Others,8,1,117.85000000000001,1,342,2,211
12930,Others,25,2,415.8,2,79,1,122
12931,Others,82,4,42055.95999999999,5,22,3,345
12933,Others,106,4,607.5299999999999,3,25,3,343
12935,Others,129,5,2160.6999999999994,5,27,3,355
12936,Loyal Customers,62,4,1063.9000000000005,4,18,4,444
12937,Loyal Customers,120,4,1504.2700000000004,4,16,4,444
12938,Others,9,1,114.14,1,26,3,311
12939,Others,47,3,11581.8,5,37,2,235
12940,Others,99,4,913.5400000000001,3,55,1,143
12942,Loyal Customers,75,4,683.9000000000001,3,132,5,543
12944,Others,30,3,604.51,3,243,3,333
12945,Others,23,2,462.95000000000005,2,289,3,322
12947,Others,97,4,1603.9900000000002,4,65,1,144
12948,Loyal Customers,116,4,2064.95,5,17,4,445
12949,Others,215,5,4167.220000000001,5,90,1,155
12950,Others,23,2,1843,4,25,3,324
12951,Loyal Customers,63,4,1064.0700000000004,4,174,4,444
12952,Others,79,4,1387.7900000000004,4,44,2,244
12953,Potential Loyalist,17,2,329.84999999999997,2,10,5,522
12955,Loyal Customers,180,5,4757.159999999999,5,17,4,455
12956,Potential Loyalist,19,2,108.07,1,191,4,421
12957,Champions,238,5,4017.5400000000027,5,10,5,555
12962,Potential Loyalist,16,2,266.39000000000004,2,114,5,522
12963,Loyal Customers,95,4,1856.6299999999997,4,11,5,544
12965,Others,109,4,771.9099999999996,3,31,2,243
12966,Others,10,1,160.18,1,10,5,511
12967,At Risk,19,2,1660.9,4,359,2,224
12968,Others,5,1,135.95,1,113,5,511
12970,Others,151,5,452.23999999999995,2,301,2,252
12971,Others,305,5,11189.909999999996,5,9,1,155
12974,Others,8,1,144.8,1,198,4,411
12976,Others,22,2,738.6,3,5,2,223
12977,Others,9,1,39.24,1,186,4,411
12980,At Risk,20,2,7374.900000000001,5,9,1,125
12981,Others,20,2,372.21999999999997,2,60,1,122
12982,Others,28,2,390.53999999999996,2,36,2,222
12984,Others,4,1,97.5,1,19,4,411
12985,Others,76,4,1239.38,4,29,3,344
12987,Others,28,2,558.7,3,74,1,123
12988,Others,92,4,535.32,3,293,3,343
12989,Loyal Customers,64,4,6924.109999999996,5,1,5,545
12990,Others,13,1,409.50000000000006,2,121,5,512
12991,Others,31,3,503.76,3,24,3,333
12993,Others,27,2,414.75999999999993,2,24,3,322
12994,Others,61,4,974.42,4,32,2,244
12995,Lost,3,1,211.32,1,86,1,111
12997,Loyal Customers,59,4,1226.89,4,1,5,544
12999,Potential Loyalist,28,2,455.8799999999999,2,128,5,522
13000,Loyal Customers,31,3,534.8500000000001,3,107,5,533
13001,Others,339,5,9818.820000000012,5,23,3,355
13002,Others,7,1,120.94999999999999,1,319,2,211
13003,Others,6,1,149.05,1,33,2,211
13004,Champions,404,5,5655.91,5,12,5,555
13005,Potential Loyalist,26,2,513.7,3,159,4,423
13006,Lost,4,1,81.57,1,57,1,111
13008,Others,14,2,229.47000000000003,1,324,2,221
13011,Lost,3,1,50.550000000000004,1,666,1,111
13012,Loyal Customers,89,4,1661.8400000000008,4,10,5,544
13013,Others,219,5,4810.9400000000005,5,22,3,355
13014,Loyal Customers,110,4,3466.2799999999997,5,11,5,545
13015,Others,176,5,3346.2800000000016,5,54,1,155
13016,Others,47,3,789.8899999999996,3,74,1,133
13017,Others,1,1,204,1,301,2,211
13018,Loyal Customers,458,5,7277.699999999997,5,17,4,455
13021,Others,131,5,2616.38,5,26,3,355
13023,Loyal Customers,40,3,689.9000000000001,3,183,4,433
13026,Others,40,3,975.3599999999998,4,98,1,134
13027,Potential Loyalist,26,2,6912,5,114,5,525
13028,Others,45,3,661.32,3,23,3,333
13029,At Risk,10,1,1247.5,4,90,1,114
13030,Loyal Customers,99,4,799.4800000000001,3,12,5,543
13032,Others,71,4,1010.1799999999997,4,53,2,244
13033,Others,11,1,190.54999999999998,1,358,2,211
13034,Others,37,3,642.77,3,55,1,133
13035,Others,27,2,921.8800000000002,3,74,1,123
13037,Loyal Customers,48,3,881.07,3,139,5,533
13038,Others,28,2,908.46,3,81,1,123
13040,Loyal Customers,43,3,676.9900000000001,3,182,4,433
13043,Others,13,1,516.4200000000001,3,37,2,213
13044,Others,33,3,560.4700000000001,3,292,3,333
13045,Others,18,2,305.28,2,335,2,222
13046,Others,35,3,629.31,3,90,1,133
13047,Others,172,5,3237.540000000001,5,57,1,155
13048,Champions,136,5,1835.9099999999994,4,15,5,554
13049,Potential Loyalist,14,2,656.6800000000002,3,183,4,423
13050,Champions,403,5,5836.86,5,15,5,555
13052,Others,18,2,348.15000000000003,2,35,2,222
13055,Others,76,4,1214.41,4,66,1,144
13058,Others,8,1,271.4,2,0,5,512
13059,Others,8,1,183.4,1,250,3,311
13060,Others,15,2,307.53000000000003,2,254,3,322
13061,Lost,10,1,248.61,1,73,1,111
13062,Others,11,1,346.98,2,338,2,212
13064,Loyal Customers,69,4,1119.4900000000005,4,1,5,544
13065,Others,14,2,205.85999999999999,1,697,1,121
13066,Others,48,3,470.80000000000007,2,25,3,332
13067,Others,15,2,115.46000000000002,1,83,1,121
13068,Others,2,1,344,2,11,5,512
13069,Loyal Customers,425,5,4436.119999999994,5,2,4,455
13070,Others,9,1,228.8,1,193,4,411
13072,Others,7,1,177.14999999999998,1,267,3,311
13075,Others,22,2,919.61,3,305,2,223
13077,Loyal Customers,112,4,729.2700000000001,3,120,5,543
13078,Champions,358,5,12627.94,5,0,5,555
13079,Others,6,1,220.09999999999997,1,22,3,311
13080,Others,6,1,58.08,1,180,4,411
13081,Champions,1028,5,28337.38000000005,5,12,5,555
13082,Loyal Customers,73,4,3613.6300000000006,5,177,4,445
13083,Others,18,2,303.75,2,76,1,122
13085,Others,22,2,416.08000000000004,2,217,3,322
13089,Others,1818,5,58825.83000000013,5,6,1,155
13090,Loyal Customers,155,5,8910.82,5,20,4,455
13091,Others,21,2,345.82,2,29,3,322
13092,Others,25,2,477.83,2,5,2,222
13093,Others,159,5,7832.469999999998,5,98,1,155
13094,Others,24,2,1927.3200000000002,4,22,3,324
13095,Lost,6,1,74.4,1,71,1,111
13097,Others,423,5,6010.419999999994,5,78,1,155
13098,Champions,572,5,28882.440000000013,5,10,5,555
13099,Others,1,1,207.35999999999999,1,335,2,211
13101,Others,8,1,101.18999999999998,1,235,3,311
13102,Others,304,5,6424.090000000001,5,24,3,355
13103,Others,8,1,243.94,1,40,2,211
13104,At Risk,20,2,1098.48,4,47,2,224
13106,Others,1,1,76.5,1,134,5,511
13107,Others,58,4,1531.6200000000003,4,45,2,244
13108,Lost,10,1,350.05999999999995,2,666,1,112
13109,Others,47,3,786.5400000000001,3,30,3,333
13110,Others,145,5,1488.6700000000012,4,54,1,154
13113,Others,201,5,12245.960000000003,5,5,2,255
13115,Loyal Customers,120,4,2294.7800000000007,5,0,5,545
13116,Loyal Customers,30,3,501.14000000000004,3,139,5,533
13117,Others,76,4,984.9099999999996,4,22,3,344
13118,Loyal Customers,79,4,1197.8099999999995,4,20,4,444
13120,Others,1,1,30.599999999999998,1,239,3,311
13121,Others,50,3,283.7299999999999,2,270,3,332
13122,Loyal Customers,55,3,922.3900000000002,3,184,4,433
13124,Others,235,5,3866.3299999999977,5,31,2,255
13126,Others,140,5,2099.6399999999994,5,45,2,255
13127,Others,15,2,259.16999999999996,2,78,1,122
13130,Others,2,1,64,1,184,4,411
13131,Others,44,3,1073.2999999999997,4,24,3,334
13132,Others,3,1,77.3,1,262,3,311
13133,Others,7,1,109.80000000000001,1,37,2,211
13134,Others,98,4,1793.58,4,86,1,144
13135,Others,1,1,3096,5,197,4,415
13136,Others,127,5,2607.6099999999997,5,35,2,255
13137,Champions,704,5,3650.409999999999,5,11,5,555
13138,Others,63,4,962.3900000000001,4,23,3,344
13139,Loyal Customers,170,5,5064.940000000003,5,17,4,455
13140,Loyal Customers,46,3,423.71999999999997,2,109,5,532
13141,Others,135,5,2388.7499999999995,5,85,1,155
13142,Potential Loyalist,23,2,307.0899999999999,2,20,4,422
13144,Others,3,1,110.94999999999999,1,39,2,211
13145,Others,6,1,618.52,3,40,2,213
13146,Others,17,2,228.91,1,27,3,321
13147,Others,4,1,712.8000000000001,3,11,5,513
13148,Others,319,5,3707.120000000001,5,60,1,155
13149,Loyal Customers,86,4,1676.0599999999997,4,15,5,544
13151,Others,74,4,1257.8700000000003,4,296,3,344
13153,Others,15,2,486.22,2,242,3,322
13155,Others,85,4,971.76,4,80,1,144
13157,Others,87,4,1741.2199999999991,4,6,1,144
13158,Loyal Customers,79,4,1201.0600000000004,4,2,4,444
13159,Others,121,4,1437.8500000000006,4,51,2,244
13160,Others,4,1,91.8,1,23,3,311
13161,Others,8,1,112.75,1,314,2,211
13162,Others,79,4,1688.2899999999995,4,93,1,144
13165,Others,42,3,1021.4799999999999,4,47,2,234
13166,Others,41,3,417.19999999999993,2,341,2,232
13167,Loyal Customers,65,4,791.3300000000002,3,19,4,443
13168,Loyal Customers,131,5,1319.19,4,200,4,454
13169,Others,13,1,712.88,3,153,4,413
13170,Others,32,3,116.01000000000002,1,27,3,331
13171,Others,46,3,468.4099999999999,2,22,3,332
13173,Loyal Customers,43,3,353.65000000000003,2,212,4,432
13174,Loyal Customers,314,5,2817.0300000000007,5,17,4,455
13176,Others,72,4,492.8400000000001,3,47,2,243
13177,Potential Loyalist,17,2,282.45,2,183,4,422
13178,Others,265,5,5725.470000000003,5,27,3,355
13182,Others,11,1,121.17999999999999,1,46,2,211
13183,Others,94,4,3957.7800000000016,5,87,1,145
13184,Champions,181,5,1701.2900000000009,4,15,5,554
13185,Others,1,1,71.4,1,268,3,311
13186,Others,79,4,1575.8900000000003,4,40,2,244
13187,Loyal Customers,37,3,236.01999999999995,1,192,4,431
13188,Others,2,1,114.60000000000001,1,12,5,511
13189,Loyal Customers,29,3,260.68,2,19,4,432
13192,Loyal Customers,63,4,911.9400000000002,3,206,4,443
13193,Others,29,3,117.88000000000001,1,91,1,131
13194,Others,3,1,60.7,1,136,5,511
13196,Loyal Customers,110,4,1797.78,4,12,5,544
13198,Champions,226,5,3401.239999999997,5,11,5,555
13199,Loyal Customers,119,4,9817.120000000003,5,11,5,545
13200,Loyal Customers,46,3,870.09,3,20,4,433
13203,Loyal Customers,57,3,869.4599999999999,3,10,5,533
13207,Others,8,1,250.26000000000002,2,3,3,312
13208,Champions,149,5,1223.8999999999999,4,0,5,554
13209,Others,321,5,5891.609999999999,5,90,1,155
13210,Potential Loyalist,22,2,353.47999999999996,2,154,4,422
13211,Loyal Customers,56,3,1197.4199999999998,4,11,5,534
13212,Loyal Customers,142,5,788.0799999999998,3,20,4,453
13213,Others,90,4,1520.5800000000004,4,57,1,144
13216,Others,5,1,333.74,2,268,3,312
13217,Lost,4,1,533.98,3,93,1,113
13218,Others,5,1,62.64,1,246,3,311
13220,Others,21,2,819.29,3,79,1,123
13221,Others,66,4,847.4100000000001,3,241,3,343
13223,Others,5,1,163.20000000000002,1,201,4,411
13224,Others,108,4,2155.9499999999994,5,33,2,245
13225,Others,32,3,6463.840000000002,5,61,1,135
13226,Others,16,2,108.21000000000001,1,37,2,221
13227,Others,9,1,257.7,2,202,4,412
13228,Lost,2,1,358,2,82,1,112
13229,Others,10,1,160.95,1,226,3,311
13230,Others,611,5,2806.9700000000007,5,60,1,155
13232,Others,207,5,1357.6000000000015,4,4,2,254
13233,Others,43,3,605.1200000000001,3,75,1,133
13235,Others,58,4,1031.0699999999997,4,35,2,244
13236,Others,36,3,744.8500000000003,3,25,3,333
13238,Loyal Customers,31,3,700.7300000000001,3,18,4,433
13239,Others,22,2,329.56,2,262,3,322
13240,Loyal Customers,67,4,663.6500000000001,3,174,4,443
13242,Lost,13,1,270.40000000000003,2,66,1,112
13243,Loyal Customers,58,4,600.07,3,204,4,443
13244,Potential Loyalist,27,2,121.74000000000001,1,123,5,521
13245,Others,16,2,430.5,2,51,2,222
13246,Loyal Customers,141,5,1987.3000000000009,4,19,4,454
13247,Potential Loyalist,25,2,501.12,3,18,4,423
13248,Potential Loyalist,26,2,465.6799999999999,2,155,4,422
13249,Potential Loyalist,23,2,711.41,3,123,5,523
13253,Loyal Customers,36,3,1030.3999999999999,4,186,4,434
13255,Others,13,1,399.51,2,10,5,512
13256,Others,1,1,0,1,15,5,511
13258,Loyal Customers,38,3,698.5799999999999,3,12,5,533
13259,Others,87,4,292.3199999999999,2,91,1,142
13260,Lost,8,1,557.6200000000001,3,91,1,113
13261,Others,9,1,944.1,4,269,3,314
13262,Others,11,1,200.29000000000002,1,264,3,311
13263,Others,1677,5,7454.069999999956,5,5,2,255
13265,Loyal Customers,91,4,2107.6600000000008,5,1,5,545
13266,Champions,187,5,3834.26,5,12,5,555
13267,Others,211,5,4521.490000000001,5,9,1,155
13268,Others,440,5,3214.6899999999996,5,6,1,155
13269,Champions,316,5,5346.23,5,1,5,555
13270,Others,1,1,590,3,485,2,213
13271,Others,96,4,217.3799999999999,1,302,2,241
13272,Others,15,2,276.56000000000006,2,31,2,222
13273,Potential Loyalist,16,2,138.97999999999996,1,114,5,521
13276,Loyal Customers,30,3,590.93,3,153,4,433
13277,Others,8,1,258.4,2,16,4,412
13278,Others,46,3,542.73,3,41,2,233
13279,Lost,9,1,137.75,1,79,1,111
13280,Others,85,4,814.8600000000001,3,93,1,143
13282,Loyal Customers,37,3,1132.1399999999999,4,19,4,434
13283,Others,7,1,93.66,1,30,3,311
13284,Others,13,1,201.19,1,331,2,211
13285,Others,187,5,2709.1200000000003,5,24,3,355
13291,Loyal Customers,42,3,361.10999999999996,2,156,4,432
13292,Others,31,3,578.9399999999999,3,285,3,333
13294,Others,54,3,873.7399999999998,3,250,3,333
13295,Others,10,1,201.2,1,360,2,211
13296,Others,5,1,87.4,1,138,5,511
13297,Others,59,4,2089.8500000000004,5,24,3,345
13298,Others,2,1,360,2,120,5,512
13299,Others,5,1,142.5,1,269,3,311
13300,Potential Loyalist,20,2,371.89000000000004,2,170,4,422
13301,Loyal Customers,81,4,618.0899999999998,3,104,5,543
13302,Others,1,1,63.75,1,156,4,411
13304,Others,21,2,300.4199999999999,2,352,2,222
13305,Others,81,4,2000.8599999999992,4,22,3,344
13307,Others,1,1,15,1,32,2,211
13308,Others,54,3,1385.51,4,23,3,334
13309,Loyal Customers,107,4,1456.7899999999993,4,1,5,544
13310,Others,72,4,1132.0300000000002,4,29,3,344
13311,Others,26,2,598.57,3,3,3,323
13313,Others,78,4,1555.3199999999993,4,23,3,344
13314,Others,62,4,775.9400000000002,3,74,1,143
13316,Others,87,4,5977.730000000001,5,80,1,145
13317,Loyal Customers,124,5,2273.679999999999,5,199,4,455
13318,Potential Loyalist,20,2,640.76,3,120,5,523
13319,Loyal Customers,476,5,10845.549999999988,5,18,4,455
13320,Others,106,4,1548.7000000000003,4,66,1,144
13321,Lost,11,1,567.36,3,73,1,113
13322,Potential Loyalist,25,2,199.48,1,18,4,421
13323,Others,21,2,787.85,3,22,3,323
13324,Others,75,4,7121.949999999994,5,31,2,245
13325,Lost,12,1,675.3,3,82,1,113
13327,Loyal Customers,108,4,3627.769999999998,5,113,5,545
13328,At Risk,17,2,1308.48,4,317,2,224
13329,Potential Loyalist,17,2,789,3,121,5,523
13330,Loyal Customers,53,3,1140.9299999999996,4,123,5,534
13332,Potential Loyalist,21,2,350.9,2,15,5,522
13334,Others,268,5,3536.819999999998,5,83,1,155
13336,Others,51,3,795.12,3,78,1,133
13338,Others,19,2,487.02,2,217,3,322
13339,Loyal Customers,54,3,860.1200000000002,3,201,4,433
13340,Others,134,5,10736.47999999999,5,46,2,255
13341,Others,42,3,775.8499999999999,3,261,3,333
13343,Potential Loyalist,19,2,353.43,2,178,4,422
13344,Loyal Customers,119,4,2543.720000000002,5,160,4,445
13345,Others,20,2,389.50000000000006,2,288,3,322
13347,Lost,8,1,341.36,2,71,1,112
13348,Potential Loyalist,14,2,233.76,1,183,4,421
13349,Potential Loyalist,16,2,247.31999999999996,1,11,5,521
13350,Loyal Customers,40,3,979.1199999999999,4,17,4,434
13351,Others,16,2,373.94,2,244,3,322
13352,Others,24,2,397.9800000000001,2,61,1,122
13354,Others,51,3,743.5300000000003,3,72,1,133
13355,Others,32,3,674.7,3,93,1,133
13356,Others,42,3,768.2400000000001,3,81,1,133
13357,Others,90,4,609.9500000000002,3,258,3,343
13358,Others,29,3,439.03000000000003,2,269,3,332
13359,Potential Loyalist,23,2,439.55999999999995,2,153,4,422
13362,Champions,166,5,3090.7399999999984,5,10,5,555
13363,Loyal Customers,60,4,992.5000000000002,4,18,4,444
13364,Lost,10,1,134.96,1,72,1,111
13365,Loyal Customers,128,5,2225.3700000000013,5,182,4,455
13366,Others,1,1,56.160000000000004,1,51,2,211
13368,Loyal Customers,29,3,623.4,3,192,4,433
13369,Others,14,2,308.28000000000003,2,454,2,222
13370,Others,39,3,754.8700000000003,3,638,1,133
13372,Others,23,2,378.64,2,31,2,222
13373,Others,158,5,3312.2500000000005,5,61,1,155
13375,Loyal Customers,37,3,778.6499999999997,3,1,5,533
13376,Loyal Customers,53,3,1019.7600000000003,4,204,4,434
13379,Others,97,4,572.5599999999997,3,27,3,343
13381,Others,172,5,3639.3100000000004,5,31,2,255
13382,Others,15,2,222.99,1,251,3,321
13384,Others,152,5,4151.929999999999,5,46,2,255
13385,Others,35,3,534.5700000000002,3,330,2,233
13388,Loyal Customers,35,3,677.1000000000001,3,132,5,533
13389,Loyal Customers,51,3,797.96,3,12,5,533
13390,Lost,13,1,544.0799999999999,3,75,1,113
13391,Others,1,1,59.8,1,204,4,411
13394,Others,155,5,2520.0199999999995,5,33,2,255
13395,Potential Loyalist,21,2,307.72,2,157,4,422
13396,Others,43,3,1360.9899999999998,4,60,1,134
13397,Others,38,3,1544.1299999999997,4,73,1,134
13398,Potential Loyalist,26,2,457.3400000000001,2,193,4,422
13402,Others,39,3,621.2300000000002,3,246,3,333
13403,Others,3,1,75,1,18,4,411
13404,Others,11,1,252.48999999999998,2,35,2,212
13405,Others,27,2,572.4509999999999,3,75,1,123
13408,Others,478,5,28117.039999999983,5,3,3,355
13410,Others,28,2,1003.0600000000001,4,25,3,324
13411,Potential Loyalist,18,2,213.55000000000004,1,108,5,521
13414,Potential Loyalist,24,2,1390.5,4,134,5,524
13416,Others,19,2,712.5000000000001,3,44,2,223
13417,Potential Loyalist,28,2,640.83,3,206,4,423
13418,Champions,304,5,6127.429999999998,5,12,5,555
13419,Potential Loyalist,16,2,221.05999999999995,1,153,4,421
13420,Others,8,1,159.85,1,150,4,411
13421,Others,104,4,1851.0799999999995,4,41,2,244
13422,Loyal Customers,127,5,2626.3000000000006,5,183,4,455
13425,Loyal Customers,78,4,1624.2099999999998,4,109,5,544
13426,Champions,157,5,3641.3199999999974,5,11,5,555
13427,Loyal Customers,29,3,582.6,3,20,4,433
13428,Loyal Customers,74,4,218.46999999999994,1,11,5,541
13429,Loyal Customers,67,4,1006.8000000000001,4,11,5,544
13430,Loyal Customers,49,3,679.45,3,19,4,433
13431,Loyal Customers,46,3,1269.0999999999995,4,1,5,534
13434,Lost,10,1,534.24,3,75,1,113
13435,Others,101,4,3809.89,5,25,3,345
13436,Others,12,1,196.88999999999996,1,120,5,511
13437,Champions,167,5,3408.0599999999995,5,15,5,555
13439,Others,54,3,283.71,2,256,3,332
13441,Lost,13,1,296.64000000000004,2,92,1,112
13447,Others,59,4,1129.14,4,24,3,344
13448,Loyal Customers,195,5,3539.370000000002,5,17,4,455
13449,Others,19,2,291.88,2,24,3,322
13450,Others,71,4,2043.7200000000003,4,27,3,344
13451,Others,443,5,2976.149999999999,5,5,2,255
13452,Others,2,1,590,3,260,3,313
13453,Potential Loyalist,17,2,356.98,2,166,4,422
13455,Others,46,3,1058.34,4,25,3,334
13456,Loyal Customers,63,4,1766.7199999999998,4,18,4,444
13458,Others,382,5,9646.570000000002,5,6,1,155
13460,Others,17,2,183.44,1,50,2,221
13461,Potential Loyalist,27,2,1445.0000000000002,4,139,5,524
13462,Others,9,1,151.5,1,340,2,211
13464,Loyal Customers,41,3,674.6800000000002,3,0,5,533
13466,Potential Loyalist,17,2,307.90000000000003,2,126,5,522
13467,Loyal Customers,99,4,1083.71,4,11,5,544
13468,Champions,302,5,5704.970000000001,5,0,5,555
13470,Others,10,1,165,1,116,5,511
13471,Others,260,5,2531.579999999998,5,22,3,355
13473,Others,21,2,422.64,2,39,2,222
13474,Others,64,4,229.58999999999997,1,237,3,341
13475,Loyal Customers,86,4,1431.7800000000009,4,188,4,444
13476,Loyal Customers,58,4,1238.4699999999998,4,179,4,444
13477,Others,79,4,1454.579999999999,4,5,2,244
13479,Potential Loyalist,15,2,300.95,2,201,4,422
13481,Others,109,4,1804.5599999999993,4,46,2,244
13482,Others,11,1,184.64,1,233,3,311
13483,Others,10,1,140.34000000000003,1,214,4,411
13484,Lost,8,1,313.79999999999995,2,6,1,112
13485,Others,23,2,454.24,2,234,3,322
13486,Others,69,4,1122.4099999999999,4,79,1,144
13487,Others,34,3,575.4000000000001,3,58,1,133
13488,Others,422,5,8968.309999999996,5,9,1,155
13489,Potential Loyalist,14,2,449.52,2,106,5,522
13491,Others,86,4,1215.82,4,39,2,244
13492,Others,50,3,1269.8400000000006,4,96,1,134
13493,Lost,8,1,618.63,3,98,1,113
13494,Others,18,2,316.26,2,342,2,222
13495,Others,48,3,2044.8699999999997,4,233,3,334
13496,Loyal Customers,35,3,653.3299999999999,3,11,5,533
13497,Others,19,2,348.04999999999995,2,310,2,222
13499,Loyal Customers,42,3,1159.11,4,18,4,434
13500,Others,65,4,1166.7700000000002,4,24,3,344
13501,Others,52,3,1340.3199999999997,4,289,3,334
13502,Potential Loyalist,18,2,292,2,17,4,422
13503,Others,17,2,216.84999999999997,1,72,1,121
13504,Potential Loyalist,22,2,295.93,2,183,4,422
13505,Others,215,5,4393.629999999999,5,73,1,155
13506,Others,26,2,458.52000000000004,2,317,2,222
13507,Champions,162,5,2479.159999999999,5,108,5,555
13508,Lost,12,1,110.97,1,67,1,111
13509,Others,44,3,979.7200000000001,4,37,2,234
13510,Others,115,4,1791.5599999999984,4,46,2,244
13512,Others,15,2,251.20999999999998,2,261,3,322
13513,Others,10,1,205.09999999999997,1,216,4,411
13514,Lost,4,1,152.20000000000002,1,74,1,111
13515,Others,59,4,891.1200000000002,3,73,1,143
13516,Others,44,3,1389.4100000000003,4,22,3,334
13517,Others,141,5,2128.42,5,30,3,355
13518,Others,38,3,659.4399999999998,3,86,1,133
13519,Lost,8,1,122.75,1,79,1,111
13520,Loyal Customers,93,4,3624.349999999999,5,0,5,545
13521,Champions,436,5,1093.6500000000003,4,11,5,554
13522,Lost,5,1,125.80000000000001,1,90,1,111
13523,Others,172,5,3964.8800000000006,5,47,2,255
13524,Others,27,2,680.1800000000001,3,41,2,223
13525,Others,6,1,628.78,3,15,5,513
13527,Others,223,5,2287.5100000000007,5,31,2,255
13529,Others,15,2,307.76,2,79,1,122
13531,Potential Loyalist,22,2,483.8000000000001,2,206,4,422
13532,Loyal Customers,66,4,210.30999999999983,1,182,4,441
13533,Others,76,4,270.79000000000013,2,65,1,142
13534,Others,296,5,5870.080000000015,5,54,1,155
13536,Champions,179,5,3448.2899999999986,5,10,5,555
13538,At Risk,25,2,1280.85,4,32,2,224
13539,Others,37,3,631.3400000000001,3,86,1,133
13544,Others,87,4,291.4099999999999,2,40,2,242
13546,Loyal Customers,98,4,626.9899999999999,3,13,5,543
13548,Others,124,5,682.41,3,67,1,153
13549,Others,51,3,918.1999999999998,3,3,3,333
13551,Others,4,1,91.80000000000001,1,320,2,211
13552,Others,109,4,3740.070000000001,5,87,1,145
13555,Others,136,5,4149.2800000000025,5,74,1,155
13557,Others,34,3,584.0600000000001,3,29,3,333
13558,Others,175,5,605.0599999999998,3,24,3,353
13560,Others,33,3,174.37000000000003,1,301,2,231
13561,Potential Loyalist,14,2,141.86,1,127,5,521
13562,Others,82,4,1799.3299999999988,4,82,1,144
13563,Others,49,3,777.5300000000001,3,85,1,133
13564,Loyal Customers,83,4,1749.0200000000004,4,145,5,544
13565,Loyal Customers,38,3,240.22000000000006,1,20,4,431
13566,Others,176,5,874.7099999999997,3,41,2,253
13568,Loyal Customers,44,3,192.85000000000005,1,174,4,431
13569,Loyal Customers,85,4,373.74999999999994,2,18,4,442
13570,Others,27,2,239.49000000000004,1,67,1,121
13571,Champions,341,5,2092.32,5,13,5,555
13572,Loyal Customers,33,3,1384.25,4,206,4,434
13573,Others,26,2,294.4,2,51,2,222
13575,Loyal Customers,46,3,732.0699999999997,3,0,5,533
13576,Champions,126,5,6717.340000000001,5,11,5,555
13577,Others,83,4,1687.5999999999988,4,6,1,144
13579,Potential Loyalist,23,2,467.03999999999996,2,15,5,522
13581,Others,10,1,117.99999999999999,1,283,3,311
13583,Loyal Customers,53,3,781.0300000000002,3,156,4,433
13584,Potential Loyalist,24,2,142.40000000000003,1,191,4,421
13587,Others,8,1,712.4,3,153,4,413
13588,Loyal Customers,174,5,2478.949999999998,5,16,4,455
13589,Potential Loyalist,21,2,379.65000000000003,2,15,5,522
13590,Others,87,4,1981.9199999999994,4,3,3,344
13591,Loyal Customers,58,4,1117.1300000000003,4,183,4,444
13592,Others,16,2,247.95999999999995,1,66,1,121
13593,Champions,128,5,2037.0800000000008,4,109,5,554
13594,Others,26,2,396.96999999999997,2,53,2,222
13596,Loyal Customers,166,5,697.04,3,13,5,553
13598,Others,40,3,180.1700000000001,1,48,2,231
13599,Others,247,5,5153.669999999998,5,6,1,155
13600,Others,19,2,219.51999999999998,1,313,2,221
13601,Others,99,4,693.3200000000002,3,5,2,243
13602,Potential Loyalist,23,2,428.88999999999993,2,183,4,422
13603,Others,27,2,164.34,1,27,3,321
13606,Others,43,3,280.53999999999996,2,60,1,132
13607,Others,98,4,678.0099999999996,3,41,2,243
13610,Champions,226,5,1131.8800000000006,4,13,5,554
13611,Others,74,4,1171.8000000000002,4,31,2,244
13614,Others,201,5,1610.460000000001,4,25,3,354
13615,Others,23,2,417.6900000000001,2,319,2,222
13617,Others,44,3,544.18,3,4,2,233
13618,Others,13,1,177.34000000000003,1,174,4,411
13621,Potential Loyalist,19,2,213.85,1,117,5,521
13623,Others,81,4,747.7800000000003,3,90,1,143
13626,Others,19,2,257.22999999999996,2,340,2,222
13627,Others,92,4,1638.4700000000003,4,30,3,344
13629,Others,59,4,7792.36,5,24,3,345
13630,Others,71,4,2031.7800000000002,4,76,1,144
13631,Others,11,1,3070.42,5,144,5,515
13632,Others,146,5,2121.27,5,25,3,355
13634,Others,188,5,1575.1600000000003,4,36,2,254
13635,Others,62,4,1071.0300000000002,4,275,3,344
13636,Others,63,4,949.1199999999999,4,93,1,144
13637,Others,101,4,810.4999999999998,3,53,2,243
13638,Others,8,1,122.64000000000001,1,16,4,411
13639,Others,40,3,1033.3400000000001,4,75,1,134
13642,Loyal Customers,66,4,354.7999999999999,2,127,5,542
13643,Potential Loyalist,28,2,519.44,3,121,5,523
13644,Loyal Customers,146,5,2624.260000000001,5,17,4,455
13645,Others,5,1,252.1,2,32,2,212
13647,Loyal Customers,79,4,1678.1200000000001,4,10,5,544
13649,Others,23,2,346.6000000000001,2,257,3,322
13650,Loyal Customers,96,4,1836.34,4,1,5,544
13651,Others,6,1,94.2,1,40,2,211
13652,Others,63,4,1095.08,4,46,2,244
13654,Others,166,5,2707.329999999999,5,36,2,255
13655,Others,56,3,932.9700000000004,3,6,1,133
13656,Loyal Customers,49,3,379.65000000000003,2,165,4,432
13657,Potential Loyalist,16,2,382.13999999999993,2,11,5,522
13658,Loyal Customers,108,4,2639.1700000000037,5,10,5,545
13659,Loyal Customers,104,4,1573.2000000000007,4,206,4,444
13662,Others,53,3,897.7600000000001,3,35,2,233
13663,Others,13,1,189.47,1,180,4,411
13666,Lost,12,1,84.65000000000002,1,61,1,111
13667,Loyal Customers,87,4,305.0199999999998,2,150,4,442
13668,Champions,470,5,6363.589999999984,5,11,5,555
13669,Others,9,1,218.55,1,51,2,211
13670,Others,25,2,349.70000000000016,2,76,1,122
13672,Others,6,1,186.39,1,38,2,211
13673,Loyal Customers,65,4,396.9199999999999,2,19,4,442
13675,Others,25,2,486.82000000000005,2,33,2,222
13678,Others,16,2,232.60000000000005,1,33,2,221
13680,Others,195,5,3722.4200000000014,5,40,2,255
13681,Loyal Customers,57,3,827.83,3,18,4,433
13682,Others,3,1,59.5,1,218,3,311
13684,Others,30,3,67.23000000000002,1,286,3,331
13685,Others,39,3,3119.4400000000014,5,46,2,235
13686,Lost,8,1,72,1,65,1,111
13689,Others,6,1,910,3,153,4,413
13690,Others,9,1,172.25,1,30,3,311
13692,Others,53,3,1488.3200000000004,4,25,3,334
13694,Others,568,5,65039.620000000024,5,26,3,355
13695,Loyal Customers,90,4,2504.1299999999987,5,2,4,445
13697,Others,12,1,151.3,1,333,2,211
13699,Potential Loyalist,14,2,308.58,2,156,4,422
13700,Others,197,5,2265.119999999999,5,6,1,155
13703,Others,1,1,99.5,1,319,2,211
13704,Champions,134,5,2308.0599999999986,5,0,5,555
13705,Potential Loyalist,28,2,711.8600000000001,3,145,5,523
13706,Others,20,2,330.78999999999996,2,69,1,122
13707,Others,48,3,806.4100000000004,3,268,3,333
13708,Others,51,3,296.87999999999994,2,272,3,332
13709,Others,336,5,6328.050000000004,5,50,2,255
13710,Others,8,1,180.48000000000002,1,121,5,511
13711,Others,13,1,252.06000000000003,2,219,3,312
13712,Others,10,1,228.83999999999997,1,159,4,411
13715,Others,105,4,1079.3399999999997,4,223,3,344
13716,Others,21,2,138.28,1,270,3,321
13717,Others,102,4,1445.0100000000002,4,57,1,144
13718,Others,12,1,306.55,2,159,4,412
13719,Loyal Customers,60,4,1041.68,4,16,4,444
13720,Loyal Customers,43,3,799.8999999999999,3,117,5,533
13721,Others,28,2,524.14,3,274,3,323
13722,Loyal Customers,85,4,2375.4100000000008,5,132,5,545
13723,Others,6,1,199.85000000000002,1,188,4,411
13725,Others,104,4,1980.5600000000004,4,50,2,244
13726,Loyal Customers,42,3,1079.6600000000003,4,101,5,534
13727,Others,20,2,333.4800000000001,2,29,3,322
13728,Loyal Customers,63,4,1016.1399999999999,4,108,5,544
13730,Loyal Customers,43,3,752.5999999999998,3,136,5,533
13731,Loyal Customers,38,3,610.5899999999999,3,159,4,433
13732,Others,33,3,491.86,3,29,3,333
13735,Others,196,5,2885.2399999999975,5,25,3,355
13736,Others,191,5,731.8999999999999,3,242,3,353
13737,Loyal Customers,30,3,339.59999999999997,2,201,4,432
13739,Others,3,1,216.9,1,19,4,411
13740,Others,23,2,350.75,2,241,3,322
13741,Others,34,3,668.43,3,72,1,133
13742,Loyal Customers,321,5,3131.020000000001,5,17,4,455
13743,Loyal Customers,41,3,1341.5999999999997,4,1,5,534
13744,Loyal Customers,72,4,1156.36,4,215,4,444
13745,Potential Loyalist,25,2,300.03999999999996,2,163,4,422
13747,Lost,1,1,79.6,1,697,1,111
13748,Potential Loyalist,28,2,948.2499999999998,4,159,4,424
13750,At Risk,24,2,1647.2599999999998,4,54,1,124
13751,Others,9,1,296.24999999999994,2,289,3,312
13752,Others,76,4,1186.2800000000002,4,96,1,144
13753,Others,35,3,741.26,3,288,3,333
13754,Others,12,1,282.6,2,33,2,212
13755,Champions,342,5,2161.3500000000013,5,10,5,555
13756,Others,142,5,5189.519999999995,5,23,3,355
13758,Loyal Customers,117,4,3190.550000000001,5,12,5,545
13759,Others,25,2,659.41,3,72,1,123
13760,Others,57,3,286.78999999999996,2,55,1,132
13761,Others,70,4,1070.65,4,51,2,244
13762,Others,7,1,306.72,2,219,3,312
13763,Potential Loyalist,15,2,1714.9599999999998,4,153,4,424
13764,Others,208,5,1521.7600000000002,4,71,1,154
13767,Others,368,5,17220.360000000008,5,26,3,355
13769,Others,135,5,2796.5099999999993,5,93,1,155
13771,Loyal Customers,119,4,2634.450000000001,5,183,4,445
13772,Loyal Customers,177,5,1132.13,4,182,4,454
13774,Others,22,2,344.99999999999994,2,82,1,122
13777,Others,197,5,25977.15999999998,5,25,3,355
13778,Others,9,1,178.7,1,104,5,511
13780,Loyal Customers,57,3,360.01,2,171,4,432
13781,Others,17,2,127.84000000000002,1,281,3,321
13782,Loyal Customers,115,4,911.9999999999992,3,13,5,543
13784,Loyal Customers,31,3,2462.7899999999995,5,10,5,535
13786,Others,7,1,230.4,1,516,2,211
13787,Others,31,3,309.04,2,76,1,132
13790,Loyal Customers,45,3,348.79999999999995,2,212,4,432
13791,Others,11,1,1516,4,169,4,414
13792,Others,13,1,195.54999999999995,1,244,3,311
13798,Champions,349,5,37153.84999999998,5,1,5,555
13799,Loyal Customers,39,3,688.8600000000002,3,117,5,533
13800,Others,33,3,558.3199999999997,3,283,3,333
13801,Others,23,2,324.79999999999995,2,244,3,322
13802,Loyal Customers,60,4,4599.420000000001,5,139,5,545
13803,Others,17,2,277.07000000000005,2,256,3,322
13804,Others,137,5,2635.7900000000004,5,79,1,155
13805,Others,13,1,924.5999999999999,3,53,2,213
13806,Others,10,1,256.38,2,153,4,412
13807,Others,7,1,112.6,1,516,2,211
13808,Others,76,4,1747.66,4,47,2,244
13809,Others,12,1,155.05,1,161,4,411
13810,Others,35,3,1499.01,4,29,3,334
13811,Lost,13,1,814.5,3,95,1,113
13812,Others,36,3,538.9999999999999,3,43,2,233
13813,Others,69,4,1366.8599999999994,4,31,2,244
13814,Loyal Customers,57,3,1579.1200000000001,4,123,5,534
13815,Others,176,5,4027.3599999999983,5,23,3,355
13816,Others,28,2,571.6700000000001,3,24,3,323
13817,Others,24,2,382.9799999999999,2,60,1,122
13819,Others,36,3,1140.35,4,38,2,234
13821,Loyal Customers,59,4,385.64,2,145,5,542
13822,Others,96,4,632.0000000000001,3,41,2,243
13823,Loyal Customers,40,3,957.6600000000001,4,19,4,434
13824,Others,46,3,1698.9399999999998,4,6,1,134
13826,Others,10,1,189.5,1,177,4,411
13827,Others,93,4,412.0499999999998,2,58,1,142
13828,Others,15,2,209.49000000000004,1,23,3,321
13831,Loyal Customers,74,4,2202.99,5,17,4,445
13832,Others,3,1,52.199999999999996,1,20,4,411
13833,Others,29,3,384.7999999999999,2,278,3,332
13835,Others,55,3,834.57,3,26,3,333
13837,Others,19,2,271.24000000000007,2,5,2,222
13838,Loyal Customers,174,5,691.7299999999999,3,118,5,553
13841,Others,1,1,85,1,340,2,211
13842,Champions,206,5,3385.619999999999,5,0,5,555
13844,Potential Loyalist,20,2,361.62,2,12,5,522
13845,Others,9,1,312.98,2,183,4,412
13846,Others,55,3,865.0600000000005,3,25,3,333
13848,Others,5,1,1255,4,123,5,514
13849,Others,101,4,1537.95,4,52,2,244
13850,Others,93,4,1595.4799999999996,4,305,2,244
13851,Loyal Customers,81,4,2651.46,5,215,4,445
13853,At Risk,23,2,1090.14,4,58,1,124
13854,Loyal Customers,110,4,8109.5199999999995,5,1,5,545
13856,Others,14,2,388.5,2,95,1,122
13858,Lost,11,1,216.16999999999996,1,58,1,111
13859,Others,28,2,201.16,1,327,2,221
13860,Loyal Customers,76,4,1245.9000000000003,4,15,5,544
13862,Loyal Customers,139,5,2209.360000000001,5,19,4,455
13863,Potential Loyalist,20,2,305.78000000000003,2,189,4,422
13865,Loyal Customers,30,3,501.56,3,0,5,533
13866,Lost,7,1,145.67,1,75,1,111
13867,Others,61,4,1015.2900000000002,4,75,1,144
13868,Others,33,3,3192.54,5,301,2,235
13869,Champions,307,5,3104.9500000000035,5,124,5,555
13870,Others,115,4,2770.9400000000005,5,41,2,245
13871,Others,336,5,6403.250000000004,5,23,3,355
13873,Potential Loyalist,23,2,389.6,2,2,4,422
13874,Others,18,2,540.45,3,359,2,223
13875,Others,104,4,1786.7900000000004,4,38,2,244
13876,Others,7,1,122.69999999999999,1,153,4,411
13877,Lost,3,1,117.24000000000001,1,87,1,111
13878,Others,36,3,1281.53,4,55,1,134
13880,Others,165,5,3219.7700000000004,5,22,3,355
13881,Champions,178,5,17159.519999999993,5,12,5,555
13882,Loyal Customers,65,4,1191.1299999999999,4,12,5,544
13883,Champions,142,5,2674.479999999998,5,11,5,555
13884,Others,59,4,787.6000000000001,3,31,2,243
13885,Potential Loyalist,28,2,506.8000000000001,3,201,4,423
13886,Others,16,2,243.56000000000003,1,72,1,121
13887,Potential Loyalist,19,2,349.54999999999995,2,205,4,422
13888,Loyal Customers,40,3,605.63,3,2,4,433
13889,Potential Loyalist,15,2,416.9,2,123,5,522
13890,Others,110,4,1883.8099999999995,4,23,3,344
13892,Others,27,2,632.97,3,27,3,323
13893,Others,21,2,821.1,3,298,3,323
13894,Others,27,2,564.62,3,24,3,323
13895,Others,118,4,2593.0699999999993,5,29,3,345
13897,Others,17,2,311.15999999999997,2,51,2,222
13898,Others,12,1,155.93,1,326,2,211
13899,Potential Loyalist,19,2,388.52000000000004,2,17,4,422
13900,Others,43,3,740.9499999999997,3,95,1,133
13901,Others,149,5,2867.2,5,73,1,155
13904,Others,26,2,332.63999999999993,2,295,3,322
13908,Others,122,5,2369.5499999999984,5,80,1,155
13911,Others,148,5,2580.909999999999,5,58,1,155
13914,Loyal Customers,33,3,626.4499999999999,3,12,5,533
13917,Others,18,2,272.04,2,50,2,222
13918,Others,30,3,1212.8400000000001,4,50,2,234
13919,Others,28,2,384.81,2,30,3,322
13922,Others,7,1,172.24999999999997,1,352,2,211
13923,Others,20,2,351.13000000000005,2,54,1,122
13924,Loyal Customers,117,4,1838.8500000000001,4,18,4,444
13925,Others,41,3,678.2499999999999,3,63,1,133
13926,Others,11,1,223.85000000000002,1,24,3,311
13927,Others,21,2,348.99,2,75,1,122
13928,Potential Loyalist,27,2,464.56999999999994,2,11,5,522
13929,Others,9,1,842.6500000000001,3,170,4,413
13930,Others,17,2,337.3399999999999,2,58,1,122
13931,Loyal Customers,58,4,1237.5300000000002,4,215,4,444
13932,Others,16,2,307.4,2,295,3,322
13933,Potential Loyalist,23,2,608.7899999999998,3,110,5,523
13934,Others,31,3,922.0999999999997,3,264,3,333
13936,Potential Loyalist,26,2,376.58,2,180,4,422
13937,Others,9,1,158.85,1,170,4,411
13938,Others,7,1,71.66,1,243,3,311
13939,Others,45,3,568.5499999999998,3,24,3,333
13940,Loyal Customers,49,3,839.1400000000002,3,18,4,433
13941,Others,45,3,5112.96,5,22,3,335
13946,Lost,11,1,561.57,3,80,1,113
13947,Others,5,1,90.6,1,214,4,411
13948,Others,3,1,101.99999999999999,1,361,2,211
13949,Others,160,5,2427.3199999999974,5,25,3,355
13950,Loyal Customers,35,3,745.0600000000001,3,12,5,533
13951,Loyal Customers,39,3,674.4499999999998,3,177,4,433
13952,Loyal Customers,137,5,3251.071,5,188,4,455
13953,At Risk,20,2,3515.6800000000003,5,53,2,225
13954,Others,25,2,439.92,2,71,1,122
13955,Loyal Customers,33,3,322.96,2,125,5,532
13956,Others,152,5,1026.4200000000003,4,55,1,154
13959,Others,92,4,598.1999999999999,3,80,1,143
13960,Others,12,1,230.22,1,22,3,311
13962,Others,11,1,169.55,1,22,3,311
13963,Others,35,3,664.54,3,252,3,333
13967,Others,2,1,80.7,1,146,5,511
13969,Loyal Customers,626,5,9053.940000000002,5,17,4,455
13971,Loyal Customers,149,5,2758.26,5,19,4,455
13972,Others,15,2,190.25000000000009,1,71,1,121
13973,Others,11,1,264.7,2,288,3,312
13974,Others,28,2,413.59,2,50,2,222
13975,Champions,338,5,2526.2799999999993,5,121,5,555
13976,Others,10,1,357.9800000000001,2,207,4,412
13978,Potential Loyalist,15,2,196.79,1,15,5,521
13979,Others,54,3,869.8700000000001,3,74,1,133
13980,Lost,11,1,200.14000000000001,1,61,1,111
13982,Others,111,4,1871.81,4,40,2,244
13983,Loyal Customers,107,4,2603.43,5,0,5,545
13984,Others,16,2,920.5100000000001,3,27,3,323
13985,Champions,351,5,7060.130000000006,5,0,5,555
13986,Others,13,1,320.46000000000004,2,18,4,412
13988,Loyal Customers,234,5,4147.960000000001,5,20,4,455
13989,Loyal Customers,41,3,1266.0799999999997,4,214,4,434
13990,Others,16,2,311.3,2,66,1,122
13991,Loyal Customers,84,4,855.9699999999999,3,13,5,543
13992,Lost,5,1,76.8,1,90,1,111
13993,Others,121,4,3466.36,5,31,2,245
13994,Others,155,5,2313.140000000001,5,40,2,255
13995,Loyal Customers,86,4,1393.6899999999996,4,16,4,444
13999,Champions,208,5,3901.8100000000036,5,11,5,555
14000,Others,15,2,635.6600000000001,3,5,2,223
14001,Others,39,3,2043.08,4,46,2,234
14002,Loyal Customers,47,3,529.73,3,135,5,533
14004,Others,171,5,4582.639999999999,5,44,2,255
14005,Loyal Customers,84,4,2874.7200000000007,5,10,5,545
14006,Others,30,3,962.1899999999999,4,6,1,134
14009,Loyal Customers,42,3,695.6099999999999,3,199,4,433
14012,Others,11,1,328.8,2,160,4,412
14013,Others,34,3,473.02,2,98,1,132
14014,Others,39,3,505.18000000000006,3,78,1,133
14015,Others,20,2,917.34,3,53,2,223
14016,Loyal Customers,161,5,4341.21,5,208,4,455
14019,Others,66,4,1421.6100000000004,4,47,2,244
14020,Loyal Customers,39,3,642.8000000000001,3,1,5,533
14021,Others,22,2,631.9000000000001,3,5,2,223
14022,Others,28,2,440,2,226,3,322
14023,Others,31,3,584.0699999999998,3,281,3,333
14024,Others,16,2,327.7,2,63,1,122
14027,Lost,6,1,104.82000000000002,1,61,1,111
14029,Potential Loyalist,15,2,467.65999999999997,2,145,5,522
14030,Loyal Customers,243,5,2360.0899999999997,5,19,4,455
14031,Others,250,5,17286.859999999997,5,22,3,355
14032,Others,143,5,2975.5900000000006,5,6,1,155
14034,Others,89,4,651.8200000000002,3,23,3,343
14035,Others,66,4,1428.0200000000002,4,29,3,344
14036,Others,38,3,626.6499999999999,3,285,3,333
14037,Potential Loyalist,28,2,147.20000000000005,1,177,4,421
14038,Others,92,4,1560.379999999999,4,79,1,144
14039,Others,6,1,152.2,1,182,4,411
14040,Others,235,5,3614.9199999999996,5,9,1,155
14041,Others,21,2,141.41,1,267,3,321
14044,Others,209,5,652.8199999999993,3,27,3,353
14045,Others,6,1,1659.75,4,110,5,514
14046,Others,14,2,154.98999999999998,1,285,3,321
14047,Others,32,3,1308.61,4,74,1,134
14048,Loyal Customers,85,4,409.9299999999999,2,161,4,442
14049,Loyal Customers,488,5,5681.719999999997,5,17,4,455
14050,Loyal Customers,54,3,746.3600000000001,3,107,5,533
14051,Loyal Customers,210,5,15610.389999999989,5,18,4,455
14052,Loyal Customers,56,3,225.35999999999993,1,20,4,431
14053,Others,4,1,260.25,2,155,4,412
14054,Others,6,1,92.46,1,214,4,411
14055,Others,10,1,725.6400000000001,3,107,5,513
14056,Loyal Customers,1106,5,8214.64999999998,5,16,4,455
14057,Others,284,5,6217.960000000002,5,24,3,355
14059,Others,8,1,183.59999999999997,1,267,3,311
14060,Others,202,5,6140.419999999998,5,23,3,355
14062,Loyal Customers,111,4,10464.85,5,10,5,545
14064,Others,80,4,1353.7400000000002,4,5,2,244
14066,Others,7,1,152.55,1,267,3,311
14067,Loyal Customers,52,3,374.69999999999993,2,153,4,432
14068,Others,24,2,265.85,2,321,2,222
14071,Loyal Customers,324,5,1438.820000000003,4,20,4,454
14073,Others,13,1,151.04,1,152,4,411
14075,Loyal Customers,43,3,942.2599999999998,3,20,4,433
14076,Others,46,3,122.46999999999997,1,305,2,231
14077,Others,42,3,499.41999999999996,3,41,2,233
14078,Others,65,4,1049.3700000000003,4,66,1,144
14079,Others,12,1,375.09999999999997,2,155,4,412
14080,Others,4,1,45.599999999999994,1,152,4,411
14081,Others,153,5,934.5200000000001,3,69,1,153
14082,Others,29,3,182.24999999999997,1,424,2,231
14083,Others,181,5,1018.4299999999998,4,37,2,254
14085,Champions,450,5,4448.539999999997,5,10,5,555
14087,Loyal Customers,69,4,194.42,1,151,4,441
14088,Champions,589,5,50491.81,5,11,5,555
14089,Others,14,2,161,1,57,1,121
14090,Others,1,1,76.32000000000001,1,325,2,211
14092,Others,214,5,4076.910000000003,5,24,3,355
14093,Loyal Customers,105,4,442.8499999999999,2,13,5,542
14096,Champions,5111,5,65164.78999999966,5,12,5,555
14098,Others,21,2,147.34999999999997,1,274,3,321
14099,Loyal Customers,250,5,3104.1700000000005,5,17,4,455
14100,Potential Loyalist,26,2,194.9,1,138,5,521
14101,Others,35,3,5976.79,5,74,1,135
14102,Loyal Customers,79,4,1360.2800000000002,4,12,5,544
14104,Potential Loyalist,21,2,216.20999999999998,1,125,5,521
14105,Others,74,4,1266.2300000000002,4,240,3,344
14107,Others,123,5,2703.23,5,52,2,255
14108,Others,34,3,597.9100000000001,3,90,1,133
14109,Lost,9,1,144.2,1,73,1,111
14110,Champions,156,5,5683.149999999999,5,1,5,555
14111,Lost,10,1,692.85,3,6,1,113
14112,Others,160,5,2915.1499999999974,5,23,3,355
14113,Others,34,3,1840.4200000000005,4,23,3,334
14114,Others,15,2,386.53,2,37,2,222
14116,Loyal Customers,72,4,1382.7400000000002,4,20,4,444
14117,Others,3,1,90,1,144,5,511
14121,Champions,159,5,2780.1499999999996,5,11,5,555
14124,Lost,5,1,419.58000000000004,2,85,1,112
14125,Champions,167,5,2740.4300000000017,5,11,5,555
14126,Potential Loyalist,15,2,706.1300000000001,3,11,5,523
14127,Others,44,3,709.7099999999996,3,93,1,133
14128,Others,46,3,637.5000000000001,3,61,1,133
14129,Loyal Customers,52,3,1123.86,4,18,4,434
14130,Others,67,4,483.85999999999996,2,320,2,242
14132,Others,200,5,3586.030000000001,5,3,3,355
14133,Others,28,2,605.6399999999999,3,305,2,223
14135,Others,134,5,4690.31,5,39,2,255
14138,Loyal Customers,47,3,982.3800000000005,4,120,5,534
14139,Others,26,2,415.81999999999994,2,47,2,222
14140,Loyal Customers,66,4,935.0499999999996,3,121,5,543
14141,Others,40,3,915.1300000000002,3,30,3,333
14142,Others,22,2,311.81000000000006,2,697,1,122
14143,Others,7,1,115.8,1,134,5,511
14145,At Risk,11,1,3742.2,5,47,2,215
14146,Others,210,5,4190.999999999999,5,82,1,155
14147,Lost,5,1,483.4,2,79,1,112
14148,Others,3,1,157.2,1,234,3,311
14149,Others,28,2,446.62000000000006,2,280,3,322
14150,Others,26,2,658.6400000000001,3,243,3,323
14152,Others,49,3,621.2900000000002,3,76,1,133
14154,Others,52,3,1345.6200000000003,4,240,3,334
14155,Others,6,1,118.75,1,267,3,311
14156,Champions,1400,5,117379.6299999998,5,0,5,555
14157,Loyal Customers,48,3,432.88000000000017,2,20,4,432
14158,Others,41,3,507.66000000000014,3,41,2,233
14159,Loyal Customers,1204,5,4693.00999999999,5,20,4,455
14161,Loyal Customers,108,4,1110.52,4,127,5,544
14162,Potential Loyalist,25,2,289.36000000000007,2,174,4,422
14163,Others,52,3,2445.9100000000008,5,64,1,135
14164,Others,29,3,1631.7700000000002,4,71,1,134
14165,Others,25,2,122.53999999999999,1,98,1,121
14167,Others,52,3,574.8399999999999,3,9,1,133
14171,Others,58,4,363.78999999999996,2,304,2,242
14173,Loyal Customers,29,3,450.84000000000003,2,11,5,532
14174,Potential Loyalist,26,2,134.46,1,182,4,421
14175,Others,149,5,3222.3000000000006,5,30,3,355
14176,Others,31,3,576.9,3,298,3,333
14177,Others,42,3,559.4100000000001,3,87,1,133
14178,Others,327,5,1620.93,4,29,3,354
14179,Others,165,5,719.7799999999997,3,41,2,253
14180,Champions,240,5,4748.519999999998,5,11,5,555
14184,Others,24,2,452.89,2,244,3,322
14185,Lost,3,1,197.65,1,9,1,111
14188,Others,65,4,2054.3599999999997,4,72,1,144
14189,Loyal Customers,265,5,4654.079999999998,5,17,4,455
14191,Champions,259,5,4684.760000000001,5,11,5,555
14193,Others,42,3,853.3900000000001,3,270,3,333
14194,Loyal Customers,579,5,11349.519999999986,5,19,4,455
14195,Others,7,1,1011.9999999999998,4,202,4,414
14196,Others,6,1,335.52,2,107,5,512
14198,Loyal Customers,39,3,701.3999999999999,3,19,4,433
14199,Others,2,1,185.39999999999998,1,219,3,311
14201,Others,37,3,747.4399999999999,3,61,1,133
14204,Loyal Customers,44,3,161.02999999999997,1,151,4,431
14205,Potential Loyalist,24,2,466.70000000000005,2,17,4,422
14206,Others,20,2,328.1599999999999,2,240,3,322
14208,Others,10,1,151.73999999999998,1,184,4,411
14209,Loyal Customers,87,4,2073.4300000000003,5,11,5,545
14210,Loyal Customers,102,4,1905.8400000000001,4,106,5,544
14211,Others,112,4,2241.1000000000004,5,54,1,145
14212,At Risk,9,1,1070.48,4,31,2,214
14214,Others,67,4,1004.3799999999997,4,51,2,244
14215,Loyal Customers,108,4,1789.7200000000005,4,12,5,544
14216,Loyal Customers,59,4,1839.3,4,17,4,444
14217,Loyal Customers,100,4,2004.9800000000002,4,12,5,544
14218,Others,12,1,169.48000000000002,1,43,2,211
14219,Others,7,1,89.94,1,212,4,411
14220,Potential Loyalist,21,2,632.4,3,189,4,423
14221,Others,193,5,3432.7999999999993,5,43,2,255
14222,Loyal Customers,41,3,683.17,3,178,4,433
14223,Loyal Customers,60,4,991.13,4,123,5,544
14224,Loyal Customers,118,4,1050.1200000000001,4,111,5,544
14226,Others,67,4,2232.19,5,29,3,345
14227,Others,175,5,3350.9600000000014,5,27,3,355
14229,Others,40,3,1547.2,4,52,2,234
14231,Others,50,3,925.71,3,95,1,133
14232,Others,115,4,2048.0700000000006,4,43,2,244
14233,Others,35,3,1462.7200000000007,4,5,2,234
14234,Others,159,5,775.4600000000004,3,23,3,353
14235,Others,79,4,3144.8599999999997,5,76,1,145
14236,Others,15,2,490.86,3,81,1,123
14237,Lost,9,1,161.00000000000003,1,697,1,111
14238,Others,8,1,146.85,1,327,2,211
14239,Others,112,4,2380.8500000000017,5,44,2,245
14240,Others,42,3,890.3400000000005,3,90,1,133
14241,Lost,10,1,213.70000000000002,1,95,1,111
14242,Others,16,2,280.55,2,235,3,322
14243,Champions,141,5,2588.769999999999,5,128,5,555
14245,Others,108,4,1693.4499999999996,4,249,3,344
14246,Loyal Customers,75,4,1474.0600000000006,4,111,5,544
14247,Potential Loyalist,20,2,136.77,1,190,4,421
14248,Others,8,1,302.58,2,319,2,212
14250,Others,111,4,1904.0500000000002,4,31,2,244
14251,Loyal Customers,78,4,2879.7000000000003,5,11,5,545
14256,Others,53,3,969.06,4,261,3,334
14257,Loyal Customers,106,4,3099.72,5,124,5,545
14258,Loyal Customers,111,4,12669.979999999996,5,10,5,545
14259,Others,5,1,120,1,142,5,511
14261,Others,52,3,1163.4499999999998,4,51,2,234
14262,Loyal Customers,143,5,2618.230000000001,5,18,4,455
14264,Potential Loyalist,17,2,333.97,2,125,5,522
14265,Loyal Customers,31,3,530.18,3,110,5,533
14267,Loyal Customers,55,3,1516.2399999999998,4,163,4,434
14270,Others,29,3,492.6499999999999,3,9,1,133
14271,Others,10,1,112.32000000000002,1,226,3,311
14272,Others,33,3,437.96000000000004,2,74,1,132
14273,Others,29,3,559.9700000000001,3,36,2,233
14276,Others,64,4,1119.7399999999998,4,4,2,244
14277,Loyal Customers,225,5,4216.200000000001,5,16,4,455
14280,Others,8,1,134.04,1,197,4,411
14282,Loyal Customers,156,5,3729.3400000000042,5,20,4,455
14284,Others,32,3,595.2500000000001,3,87,1,133
14285,Others,27,2,1910.0100000000004,4,22,3,324
14286,Others,280,5,4628.749999999998,5,24,3,355
14287,Others,9,1,176.63,1,199,4,411
14288,Others,16,2,426.6,2,66,1,122
14289,Others,47,3,911.2599999999999,3,6,1,133
14290,Loyal Customers,101,4,2314.6499999999996,5,12,5,545
14291,Others,237,5,3883.249999999998,5,32,2,255
14292,Loyal Customers,100,4,4871.9299999999985,5,1,5,545
14293,Loyal Customers,61,4,1046.5599999999993,4,148,5,544
14295,Others,5,1,166.2,1,41,2,211
14297,Loyal Customers,62,4,1305.3299999999997,4,18,4,444
14298,Others,1637,5,51527.299999999974,5,53,2,255
14299,Champions,143,5,3965.6199999999953,5,0,5,555
14300,Others,3,1,43.2,1,19,4,411
14301,Others,13,1,640.14,3,118,5,513
14304,Others,17,2,383.45000000000005,2,339,2,222
14305,Others,105,4,1858.9599999999998,4,72,1,144
14306,Others,33,3,2093.3199999999997,5,52,2,235
14307,Champions,180,5,2995.7200000000007,5,1,5,555
14309,Others,117,4,2352.530000000001,5,29,3,345
14311,Others,20,2,310.26,2,36,2,222
14312,Others,87,4,1611.5899999999995,4,37,2,244
14314,Others,8,1,120,1,107,5,511
14315,Others,101,4,2481.129999999999,5,45,2,245
14317,Potential Loyalist,24,2,508.58,3,183,4,423
14320,Others,31,3,477.7900000000001,2,39,2,232
14321,Champions,123,5,1530.749999999999,4,11,5,554
14323,Loyal Customers,36,3,605.0600000000002,3,115,5,533
14326,Others,8,1,183.85,1,36,2,211
14327,Others,12,1,311.65000000000003,2,164,4,412
14329,Loyal Customers,259,5,5014.840000000004,5,18,4,455
14331,Potential Loyalist,28,2,462.65999999999997,2,136,5,522
14332,Others,26,2,866.3099999999998,3,23,3,323
14333,Others,15,2,415.2,2,275,3,322
14334,Loyal Customers,162,5,2552.2100000000005,5,17,4,455
14335,Loyal Customers,63,4,468.26,2,17,4,442
14336,Loyal Customers,90,4,1614.9100000000008,4,17,4,444
14338,Loyal Customers,31,3,588.2199999999999,3,197,4,433
14339,Others,14,2,309.52,2,36,2,222
14340,Others,6,1,134.7,1,219,3,311
14341,Others,129,5,2182.2799999999984,5,46,2,255
14342,Others,21,2,668.5600000000002,3,22,3,323
14344,Others,71,4,889.9300000000002,3,98,1,143
14345,Others,6,1,108.97999999999999,1,333,2,211
14346,Others,60,4,1021.5800000000002,4,32,2,244
14348,Others,18,2,409.57,2,261,3,322
14349,Loyal Customers,31,3,133.50000000000006,1,11,5,531
14350,Others,18,2,282.92999999999995,2,68,1,122
14351,Others,1,1,51,1,165,4,411
14352,Others,47,3,1078.96,4,37,2,234
14353,Others,6,1,90.6,1,127,5,511
14354,Lost,9,1,163.62,1,90,1,111
14355,Others,11,1,174.4,1,454,2,211
14356,Others,33,3,701.23,3,80,1,133
14357,Others,41,3,225.77000000000012,1,44,2,231
14359,Loyal Customers,55,3,912.1800000000002,3,20,4,433
14360,Loyal Customers,118,4,2128.23,5,121,5,545
14362,Others,41,3,161.20000000000002,1,23,3,331
14364,Others,69,4,3717.349999999999,5,5,2,245
14367,Others,524,5,9261.520000000006,5,22,3,355
14368,Others,8,1,155.00000000000003,1,320,2,211
14371,Others,4,1,100.5,1,296,3,311
14373,Others,4,1,76.55,1,359,2,211
14375,Loyal Customers,75,4,257.67999999999995,2,157,4,442
14377,Others,11,1,617.05,3,263,3,313
14379,Others,46,3,348.1,2,45,2,232
14381,Others,56,3,202.6800000000001,1,53,2,231
14382,Others,131,5,626.07,3,27,3,353
14383,Loyal Customers,59,4,1247.6899999999998,4,164,4,444
14385,Potential Loyalist,14,2,202.11,1,10,5,521
14386,Others,7,1,142.4,1,297,3,311
14387,Others,140,5,1770.5600000000013,4,75,1,154
14388,Champions,186,5,3212.8400000000015,5,11,5,555
14389,Loyal Customers,45,3,1043.46,4,214,4,434
14390,Others,286,5,4652.8200000000015,5,5,2,255
14393,Others,5,1,67.94999999999999,1,219,3,311
14395,Others,350,5,3507.710000000001,5,61,1,155
14396,Loyal Customers,73,4,487.99,2,214,4,442
14397,Others,87,4,2612.960000000001,5,4,2,245
14400,Potential Loyalist,25,2,574.7,3,150,4,423
14401,Others,182,5,4051.4799999999987,5,65,1,155
14403,Potential Loyalist,20,2,1475.8100000000002,4,142,5,524
14404,Loyal Customers,103,4,1474.3200000000004,4,109,5,544
14406,Others,8,1,156.75,1,2,4,411
14407,Loyal Customers,73,4,2157.7299999999996,5,108,5,545
14408,Loyal Customers,107,4,2606.53,5,11,5,545
14409,Others,54,3,2059.45,4,72,1,134
14410,Champions,194,5,1105.0699999999986,4,123,5,554
14411,At Risk,14,2,1063,4,311,2,224
14412,Others,43,3,770.0300000000002,3,43,2,233
14413,Others,23,2,122.7,1,363,2,221
14414,Others,97,4,1496.9800000000005,4,92,1,144
14415,Loyal Customers,590,5,5900.279999999999,5,20,4,455
14416,Others,14,2,490.22,3,23,3,323
14418,Others,124,5,1937.2500000000002,4,26,3,354
14419,Champions,206,5,1058.0600000000002,4,11,5,554
14420,Others,29,3,387.52,2,335,2,232
14421,Others,27,2,813.11,3,5,2,223
14422,Loyal Customers,222,5,4263.64,5,18,4,455
14423,Others,3,1,265.2,2,219,3,312
14424,Others,1,1,322.08,2,18,4,412
14426,Others,224,5,4481.670000000001,5,24,3,355
14427,Others,17,2,363.34000000000003,2,51,2,222
14428,Others,144,5,1244.8300000000004,4,80,1,154
14431,Others,17,2,470.35999999999996,2,69,1,122
14432,Champions,382,5,2255.5099999999984,5,10,5,555
14434,Others,12,1,1372.8,4,22,3,314
14436,Others,9,1,89.06,1,304,2,211
14437,Others,5,1,63,1,454,2,211
14438,Others,9,1,131.9,1,191,4,411
14439,Others,32,3,2661.24,5,320,2,235
14440,Others,55,3,2357.6800000000003,5,43,2,235
14441,Others,51,3,1712.8900000000008,4,44,2,234
14442,Loyal Customers,63,4,1589.8200000000002,4,205,4,444
14443,Others,93,4,1420.2000000000005,4,54,1,144
14446,Others,293,5,1039.5800000000008,4,29,3,354
14447,Loyal Customers,70,4,1163.2300000000005,4,19,4,444
14448,Potential Loyalist,20,2,375.35,2,10,5,522
14449,Loyal Customers,258,5,907.0999999999999,3,19,4,453
14450,Others,40,3,483.25,2,4,2,232
14451,Others,109,4,662.5900000000001,3,61,1,143
14452,Loyal Customers,62,4,264.44000000000005,2,11,5,542
14453,Others,22,2,119.93000000000002,1,307,2,221
14456,Others,970,5,3062.3999999999983,5,23,3,355
14457,Others,4,1,113.64,1,311,2,211
14459,Loyal Customers,37,3,1837.9199999999996,4,156,4,434
14460,Potential Loyalist,16,2,434.34,2,111,5,522
14461,Champions,180,5,2103.059999999999,5,149,5,555
14462,Others,240,5,2004.0200000000004,4,32,2,254
14463,Others,6,1,529.62,3,171,4,413
14465,Others,130,5,1058.6200000000008,4,69,1,154
14466,Others,72,4,2272.4000000000015,5,60,1,145
14467,Loyal Customers,90,4,598.7599999999999,3,18,4,443
14470,Loyal Customers,43,3,461.19000000000005,2,12,5,532
14472,Others,281,5,1936.8400000000013,4,64,1,154
14473,Lost,7,1,234.34,1,75,1,111
14474,Others,29,3,547.6600000000001,3,47,2,233
14475,Others,42,3,925.8499999999998,3,72,1,133
14476,Others,19,2,215.7,1,258,3,321
14477,Others,10,1,1309.6000000000001,4,20,4,414
14479,Others,18,2,316.24999999999994,2,254,3,322
14480,Others,13,1,279.05,2,12,5,512
14481,Loyal Customers,30,3,636.5100000000001,3,165,4,433
14482,Loyal Customers,144,5,2068.150000000001,5,19,4,455
14483,Others,9,1,137.10000000000002,1,282,3,311
14484,Others,14,2,321.91999999999996,2,51,2,222
14485,Others,47,3,165.75000000000003,1,333,2,231
14487,Others,144,5,1196.3300000000002,4,27,3,354
14488,Others,46,3,1064.2800000000002,4,275,3,334
14489,Loyal Customers,30,3,463.38000000000005,2,208,4,432
14491,Potential Loyalist,17,2,340.93,2,176,4,422
14493,Loyal Customers,120,4,2383.2400000000002,5,17,4,445
14494,Others,7,1,139.56,1,26,3,311
14495,Others,6,1,123.79999999999998,1,51,2,211
14496,Others,19,2,538.8100000000001,3,342,2,223
14497,Others,29,3,475.3699999999999,2,283,3,332
14498,Others,193,5,1957.3200000000004,4,43,2,254
14499,Others,194,5,815.32,3,27,3,353
14500,Others,7,1,356.85,2,1,5,512
14501,Lost,10,1,251.20999999999998,2,95,1,112
14502,Loyal Customers,624,5,2470.6699999999996,5,20,4,455
14503,Champions,164,5,3543.2600000000016,5,11,5,555
14504,Others,107,4,673.2599999999995,3,48,2,243
14505,Loyal Customers,799,5,5905.639999999987,5,18,4,455
14506,Loyal Customers,316,5,2012.1700000000012,4,18,4,454
14507,Others,96,4,1383.1799999999994,4,24,3,344
14508,Others,57,3,276.41999999999996,2,23,3,332
14511,Loyal Customers,68,4,1314.8099999999997,4,12,5,544
14512,Others,23,2,275.28,2,218,3,322
14513,Others,12,1,455.59000000000003,2,101,5,512
14514,Others,73,4,1055.35,4,9,1,144
14515,Loyal Customers,101,4,2102.0899999999997,5,18,4,445
14517,Potential Loyalist,18,2,330.45,2,142,5,522
14518,Potential Loyalist,16,2,174.37,1,183,4,421
14520,Others,4,1,270.6,2,120,5,512
14522,Others,17,2,974.54,4,25,3,324
14523,Others,12,1,241.09000000000003,1,109,5,511
14524,Others,203,5,1867.6800000000007,4,72,1,154
14525,Loyal Customers,291,5,4332.199999999996,5,20,4,455
14527,Champions,972,5,8508.81999999996,5,1,5,555
14528,Others,18,2,364.22,2,302,2,222
14529,Others,229,5,620.0399999999998,3,61,1,153
14530,Others,216,5,2925.910000000001,5,26,3,355
14532,Others,64,4,932.8499999999997,3,237,3,343
14533,Others,62,4,1949.7200000000007,4,25,3,344
14534,Loyal Customers,519,5,4447.049999999999,5,2,4,455
14535,Others,330,5,2864.190000000005,5,61,1,155
14536,Others,19,2,171.8,1,260,3,321
14537,Lost,10,1,355.5600000000001,2,58,1,112
14538,Potential Loyalist,19,2,388.2499999999999,2,183,4,422
14539,Loyal Customers,32,3,537.48,3,16,4,433
14540,Loyal Customers,76,4,996.26,4,10,5,544
14541,Loyal Customers,111,4,1461.6499999999999,4,0,5,544
14542,Others,5,1,103.25000000000001,1,157,4,411
14543,Others,72,4,3630.330000000001,5,29,3,345
14544,Others,114,4,2024.4500000000005,4,25,3,344
14546,Others,399,5,2578.0900000000024,5,41,2,255
14547,Champions,366,5,4007.539999999999,5,13,5,555
14548,Others,4,1,652.8,3,3,3,313
14549,Others,56,3,289.2399999999999,2,342,2,232
14550,Loyal Customers,48,3,765.6200000000001,3,11,5,533
14551,Others,10,1,186.23000000000002,1,19,4,411
14552,Others,58,4,165.07000000000005,1,33,2,241
14553,Loyal Customers,113,4,859.27,3,20,4,443
14554,Champions,216,5,2381.040000000002,5,11,5,555
14555,Others,21,2,324.14000000000004,2,58,1,122
14557,Others,16,2,788.3800000000001,3,86,1,123
14560,Loyal Customers,74,4,2237.7700000000013,5,17,4,445
14561,Others,69,4,1080.7600000000004,4,76,1,144
14562,Champions,423,5,5074.769999999998,5,12,5,555
14565,Champions,127,5,3099.1200000000017,5,114,5,555
14566,Others,4,1,1432,4,111,5,514
14567,Others,33,3,1530.3600000000006,4,57,1,134
14569,Others,12,1,227.39,1,120,5,511
14570,Others,29,3,218.05999999999992,1,251,3,331
14572,Others,270,5,2832.840000000001,5,41,2,255
14573,Others,235,5,1653.4200000000017,4,35,2,254
14576,Lost,1,1,35.400000000000006,1,666,1,111
14577,Loyal Customers,123,5,859.7100000000011,3,13,5,553
14578,Potential Loyalist,24,2,168.63,1,181,4,421
14581,Potential Loyalist,17,2,138.6,1,17,4,421
14582,Others,6,1,114.11,1,41,2,211
14583,Champions,330,5,1052.5500000000004,4,145,5,554
14584,Others,100,4,1042.2599999999995,4,95,1,144
14585,Others,29,3,157.05,1,51,2,231
14586,Potential Loyalist,19,2,237.35999999999996,1,129,5,521
14587,Others,383,5,1601.1400000000008,4,9,1,154
14589,Lost,3,1,39.75,1,638,1,111
14591,Loyal Customers,197,5,1447.140000000001,4,16,4,454
14592,Others,164,5,570.4599999999998,3,57,1,153
14593,Others,152,5,617.9900000000001,3,22,3,353
14594,Others,53,3,379.82999999999987,2,301,2,232
14595,Loyal Customers,102,4,1740.6000000000001,4,20,4,444
14597,Loyal Customers,55,3,883.1500000000002,3,12,5,533
14598,Others,50,3,221.97000000000003,1,45,2,231
14600,Potential Loyalist,25,2,393.3299999999999,2,161,4,422
14601,Others,7,1,213.96000000000004,1,11,5,511
14603,Lost,2,1,660,3,68,1,113
14606,Others,2700,5,12156.65000000007,5,5,2,255
14607,Loyal Customers,86,4,16569.5,5,16,4,445
14608,At Risk,20,2,1785.1499999999999,4,60,1,124
14609,Lost,4,1,601.5600000000001,3,73,1,113
14616,Others,3,1,406.08000000000004,2,36,2,212
14618,Potential Loyalist,16,2,553.44,3,10,5,523
14619,Potential Loyalist,20,2,394.43999999999994,2,128,5,522
14620,Potential Loyalist,26,2,412.78,2,206,4,422
14621,Others,92,4,1788.36,4,90,1,144
14622,Potential Loyalist,21,2,320.58,2,126,5,522
14623,Others,134,5,889.2499999999999,3,44,2,253
14624,Others,13,1,225.84999999999997,1,30,3,311
14625,Loyal Customers,53,3,899.63,3,197,4,433
14626,Others,122,5,2791.2699999999995,5,24,3,355
14628,Others,24,2,671.96,3,36,2,223
14629,Others,152,5,959.0100000000001,4,48,2,254
14631,Others,41,3,1006.9799999999998,4,51,2,234
14632,Others,8,1,114.55999999999999,1,263,3,311
14633,Others,20,2,344.9000000000001,2,267,3,322
14636,Others,28,2,609.8500000000001,3,269,3,323
14638,Others,16,2,443.6,2,51,2,222
14639,Others,172,5,2984.4900000000025,5,32,2,255
14640,Others,106,4,2125.079999999999,5,25,3,345
14641,Others,7,1,110.46,1,22,3,311
14642,Others,2,1,96.12,1,0,5,511
14643,Loyal Customers,31,3,693.8100000000001,3,171,4,433
14644,Others,26,2,830.76,3,275,3,323
14645,Others,30,3,597.09,3,98,1,133
14646,Loyal Customers,2080,5,280206.01999999984,5,2,4,455
14647,Loyal Customers,30,3,243.21999999999994,1,202,4,431
14649,Others,199,5,1417.2899999999997,4,35,2,254
14651,Others,102,4,654.5999999999998,3,5,2,243
14652,Others,29,3,114.18000000000002,1,78,1,131
14653,Champions,237,5,1947.5499999999997,4,10,5,554
14655,Others,49,3,1932.23,4,23,3,334
14656,Loyal Customers,80,4,291.04999999999984,2,170,4,442
14657,Loyal Customers,126,5,848.22,3,18,4,453
14658,Loyal Customers,29,3,247.14999999999998,1,118,5,531
14659,Others,253,5,2529.930000000001,5,79,1,155
14660,Others,30,3,285.73999999999995,2,87,1,132
14661,Others,4,1,107.95,1,27,3,311
14662,Others,168,5,771.1700000000003,3,29,3,353
14664,Loyal Customers,99,4,637.89,3,20,4,443
14665,Others,90,4,1835.7000000000003,4,31,2,244
14666,Others,14,2,195.24999999999997,1,25,3,321
14667,Champions,573,5,9241.200000000004,5,11,5,555
14669,Others,170,5,1269.9900000000002,4,6,1,154
14670,Others,132,5,411.5300000000001,2,251,3,352
14672,Loyal Customers,61,4,765.55,3,162,4,443
14673,Loyal Customers,74,4,1736.3999999999994,4,10,5,544
14675,Loyal Customers,102,4,604.7499999999999,3,17,4,443
14676,Others,42,3,2548.24,5,79,1,135
14680,Others,258,5,28754.11,5,26,3,355
14681,Others,7,1,498.95,3,5,2,213
14682,Others,2,1,52,1,202,4,411
14684,Others,421,5,1236.2800000000013,4,26,3,354
14687,Potential Loyalist,15,2,628.3799999999999,3,107,5,523
14688,Others,327,5,5630.869999999997,5,3,3,355
14689,Others,13,1,112.80000000000001,1,209,4,411
14690,Others,50,3,371.7,2,33,2,232
14691,Others,71,4,2114.3299999999995,5,35,2,245
14692,Loyal Customers,68,4,591.5500000000001,3,138,5,543
14693,Others,8,1,172.9,1,265,3,311
14696,Loyal Customers,130,5,2078.95,5,2,4,455
14697,Others,22,2,188.60999999999996,1,219,3,321
14698,Loyal Customers,210,5,1250.7600000000014,4,16,4,454
14699,Lost,8,1,109.12999999999998,1,96,1,111
14700,Loyal Customers,115,4,2235.2999999999997,5,152,4,445
14701,Champions,335,5,2549.369999999999,5,11,5,555
14702,Loyal Customers,347,5,3292.139999999998,5,19,4,455
14703,Potential Loyalist,22,2,318.1699999999999,2,15,5,522
14704,Others,415,5,1546.9099999999999,4,4,2,254
14705,Others,1,1,179,1,199,4,411
14708,Potential Loyalist,28,2,1126.37,4,125,5,524
14709,Loyal Customers,196,5,4921.040000000007,5,16,4,455
14710,Loyal Customers,139,5,606.1300000000002,3,15,5,553
14711,Champions,357,5,2868.7999999999965,5,11,5,555
14712,Others,25,2,917.07,3,60,1,123
14713,Champions,339,5,2666.36,5,10,5,555
14714,Others,10,1,160.19,1,25,3,311
14715,Others,71,4,867.3800000000001,3,9,1,143
14716,Others,55,3,329.6799999999999,2,44,2,232
14719,Champions,237,5,1602.1300000000008,4,11,5,554
14720,Others,37,3,663.8100000000003,3,31,2,233
14722,Loyal Customers,29,3,187.91999999999996,1,148,5,531
14723,Champions,278,5,1158.3,4,11,5,554
14725,Others,52,3,718.08,3,25,3,333
14727,Lost,10,1,268.58,2,68,1,112
14729,Others,71,4,313.48999999999995,2,697,1,142
14730,Champions,501,5,2005.0600000000063,4,108,5,554
14731,Others,45,3,380.0199999999999,2,35,2,232
14732,Champions,147,5,2702.49,5,1,5,555
14733,Loyal Customers,202,5,9585.909999999998,5,17,4,455
14735,Champions,194,5,6065.69,5,12,5,555
14737,Potential Loyalist,17,2,1164.55,4,181,4,424
14738,Others,54,3,1314.4499999999998,4,5,2,234
14739,Loyal Customers,60,4,3902.28,5,20,4,445
14740,Loyal Customers,89,4,1448.2099999999994,4,198,4,444
14741,Loyal Customers,59,4,1400.3400000000004,4,12,5,544
14744,Potential Loyalist,26,2,1099.98,4,17,4,424
14745,Loyal Customers,69,4,1220.2600000000002,4,113,5,544
14747,Others,18,2,328.2,2,250,3,322
14748,Others,89,4,1415.7499999999995,4,35,2,244
14752,Others,5,1,389.63999999999993,2,44,2,212
14753,Others,30,3,563.15,3,88,1,133
14754,Others,41,3,638.0500000000001,3,45,2,233
14755,Champions,235,5,5010.279999999999,5,10,5,555
14756,Loyal Customers,38,3,738.9599999999998,3,16,4,433
14757,Others,19,2,420.5,2,76,1,122
14758,Loyal Customers,71,4,1484.0599999999995,4,145,5,544
14759,Loyal Customers,102,4,1625.9699999999993,4,113,5,544
14760,Others,5,1,89.2,1,298,3,311
14761,Others,11,1,255.90000000000003,2,0,5,512
14762,Others,21,2,300.52,2,264,3,322
14764,Others,6,1,278.3,2,47,2,212
14765,Others,39,3,254.10999999999996,2,60,1,132
14766,Others,135,5,2473.37,5,66,1,155
14768,Others,5,1,192.60000000000002,1,18,4,411
14769,Others,1090,5,10674.750000000007,5,83,1,155
14770,Others,52,3,876.4199999999997,3,233,3,333
14772,Others,9,1,139.26,1,113,5,511
14775,Loyal Customers,60,4,1011.9,4,0,5,544
14776,Others,117,4,2538.299999999999,5,52,2,245
14778,Others,35,3,730.8599999999999,3,246,3,333
14779,Others,41,3,386.1499999999999,2,251,3,332
14780,Others,27,2,447.67999999999995,2,55,1,122
14782,Others,6,1,200.10000000000002,1,320,2,211
14784,Others,15,2,289.99,2,27,3,322
14785,Others,3,1,77.4,1,11,5,511
14788,Others,30,3,679.4399999999998,3,27,3,333
14789,Others,6,1,197.64000000000001,1,29,3,311
14790,Loyal Customers,46,3,745.0600000000001,3,2,4,433
14792,Others,2,1,6.2,1,153,4,411
14793,Others,14,2,228.99,1,22,3,321
14794,Loyal Customers,80,4,1319.9099999999996,4,10,5,544
14795,Others,6,1,131.45,1,167,4,411
14796,Others,1141,5,8022.489999999978,5,23,3,355
14798,Others,12,1,173.74,1,53,2,211
14799,Others,13,1,157.7,1,52,2,211
14800,Others,385,5,4339.739999999999,5,30,3,355
14801,Others,59,4,193.1399999999999,1,91,1,141
14803,Others,44,3,845.5500000000002,3,98,1,133
14804,Others,12,1,353.2699999999999,2,332,2,212
14805,Loyal Customers,47,3,554.65,3,16,4,433
14806,Lost,11,1,193.39000000000004,1,76,1,111
14808,Others,235,5,2741.169999999997,5,40,2,255
14810,Others,255,5,2087.879999999999,5,41,2,255
14813,Others,30,3,155.42999999999998,1,577,1,131
14815,Others,53,3,778.5,3,274,3,333
14816,Others,4,1,271.85,2,198,4,412
14817,Loyal Customers,63,4,1110.3399999999997,4,160,4,444
14818,Others,48,3,657.8,3,74,1,133
14819,Others,13,1,272.06999999999994,2,183,4,412
14820,Others,29,3,507.2900000000001,3,22,3,333
14821,Others,2,1,48.800000000000004,1,485,2,211
14823,Others,70,4,321.4299999999999,2,4,2,242
14824,Loyal Customers,29,3,1127.7100000000003,4,11,5,534
14825,Loyal Customers,121,4,2226.9099999999985,5,16,4,445
14828,Potential Loyalist,17,2,2139.76,5,162,4,425
14829,Others,42,3,697.55,3,60,1,133
14830,Others,40,3,197.13,1,54,1,131
14834,Loyal Customers,67,4,1720.3000000000004,4,0,5,544
14836,Others,6,1,102.44999999999999,1,11,5,511
14837,Others,108,4,1649.5000000000011,4,31,2,244
14840,Others,4,1,62.85,1,268,3,311
14841,Others,138,5,3295.7599999999993,5,30,3,355
14842,Others,145,5,2824.6899999999996,5,44,2,255
14844,Others,130,5,3189.8099999999995,5,6,1,155
14847,Others,13,1,309.4,2,149,5,512
14849,Loyal Customers,388,5,7930.539999999996,5,2,4,455
14850,Others,21,2,325.75,2,342,2,222
14851,Others,28,2,511.34999999999985,3,24,3,323
14852,Champions,143,5,2836.6899999999982,5,0,5,555
14853,Others,9,1,475.79999999999995,2,5,2,212
14854,Others,127,5,2759.8300000000004,5,68,1,155
14855,Potential Loyalist,20,2,645.6500000000001,3,2,4,423
14856,Others,66,4,1311.3800000000006,4,57,1,144
14857,Others,60,4,1173.1199999999997,4,30,3,344
14859,Loyal Customers,58,4,1353.739999999999,4,13,5,544
14860,Others,11,1,170.32000000000002,1,20,4,411
14861,Others,6,1,125.79000000000002,1,53,2,211
14862,Others,48,3,841.2000000000002,3,26,3,333
14863,Lost,11,1,266.76,2,60,1,112
14865,Others,4,1,52.2,1,301,2,211
14866,Loyal Customers,99,4,14389.900000000007,5,11,5,545
14867,Loyal Customers,36,3,710.2800000000001,3,157,4,433
14868,Others,144,5,2953.590000000002,5,22,3,355
14869,Loyal Customers,71,4,725.7,3,104,5,543
14870,Others,13,1,327.24999999999994,2,262,3,312
14871,Loyal Customers,98,4,522.3799999999997,3,179,4,443
14873,Potential Loyalist,28,2,519.68,3,211,4,423
14875,Loyal Customers,47,3,1465.3200000000002,4,108,5,534
14878,Others,124,5,1485.5400000000006,4,4,2,254
14880,Others,47,3,706.1900000000002,3,78,1,133
14881,Potential Loyalist,17,2,255.4,2,20,4,422
14882,Others,11,1,589.7,3,27,3,313
14883,Others,53,3,761.5900000000001,3,5,2,233
14885,Potential Loyalist,15,2,765.3199999999999,3,132,5,523
14886,Others,18,2,364.80000000000007,2,340,2,222
14887,At Risk,6,1,1862,4,80,1,114
14888,Potential Loyalist,20,2,369.2,2,208,4,422
14889,Others,10,1,135.9,1,162,4,411
14890,Others,7,1,125.65,1,254,3,311
14891,Loyal Customers,33,3,554.38,3,149,5,533
14893,Loyal Customers,73,4,1237.8500000000004,4,10,5,544
14894,Others,23,2,655.7499999999999,3,86,1,123
14895,Others,498,5,11138.710000000006,5,41,2,255
14896,Loyal Customers,43,3,468.77,2,205,4,432
14897,Loyal Customers,55,3,1366.38,4,1,5,534
14898,Others,116,4,1303.5199999999995,4,24,3,344
14901,Loyal Customers,96,4,1421.2900000000004,4,1,5,544
14902,Others,20,2,332.66,2,26,3,322
14903,Others,355,5,2810.63,5,22,3,355
14904,Others,69,4,1025.4399999999998,4,26,3,344
14905,Others,17,2,616.1500000000001,3,217,3,323
14907,Others,165,5,3501.0999999999976,5,29,3,355
14908,Lost,9,1,277.79999999999995,2,75,1,112
14910,Others,30,3,434.3500000000001,2,26,3,332
14911,Champions,5677,5,143825.05999999944,5,0,5,555
14912,Potential Loyalist,27,2,867.8499999999998,3,17,4,423
14913,Others,87,4,1227.4300000000005,4,37,2,244
14915,Lost,12,1,307.48,2,92,1,112
14916,Others,77,4,1268.9799999999998,4,71,1,144
14918,Loyal Customers,45,3,1610.1499999999996,4,116,5,534
14920,Others,57,3,977.77,4,35,2,234
14921,Others,78,4,1316.0700000000004,4,90,1,144
14923,Others,44,3,749.0999999999998,3,51,2,233
14924,Others,10,1,310.05,2,128,5,512
14929,Others,11,1,223.88,1,152,4,411
14930,Others,128,5,2372.860000000001,5,68,1,155
14931,Others,41,3,1257.68,4,23,3,334
14932,Others,17,2,363.53,2,454,2,222
14934,Others,87,4,1890.9400000000005,4,82,1,144
14935,Others,10,1,1784.7099999999998,4,298,3,314
14936,Others,364,5,8137.0199999999995,5,98,1,155
14937,Others,34,3,1621.88,4,57,1,134
14944,Others,170,5,5900.250000000002,5,60,1,155
14946,Others,3,1,100.9,1,15,5,511
14947,Others,14,2,290.82000000000005,2,73,1,122
14948,Others,63,4,1101.9699999999996,4,24,3,344
14950,Potential Loyalist,19,2,371.2,2,20,4,422
14951,Others,20,2,311.69000000000005,2,80,1,122
14952,Champions,138,5,8099.489999999998,5,1,5,555
14953,Others,55,3,289.82,2,26,3,332
14954,Loyal Customers,85,4,336.16999999999985,2,13,5,542
14957,Others,12,1,58.49000000000001,1,254,3,311
14958,Loyal Customers,42,3,499.6799999999999,3,128,5,533
14959,Loyal Customers,59,4,695.42,3,110,5,543
14960,Potential Loyalist,27,2,221.26999999999992,1,172,4,421
14961,Champions,312,5,7044.680000000002,5,11,5,555
14962,Others,5,1,126.70000000000002,1,271,3,311
14963,Champions,198,5,1487.8000000000013,4,10,5,554
14964,Others,13,1,206.21,1,189,4,411
14965,Others,83,4,598.9999999999999,3,245,3,343
14966,Loyal Customers,38,3,191.3199999999999,1,15,5,531
14967,Others,6,1,463.8,2,50,2,212
14968,Others,37,3,147.59,1,90,1,131
14970,Loyal Customers,34,3,1592.06,4,138,5,534
14971,Others,160,5,1116.5699999999993,4,44,2,254
14972,Others,18,2,114.77000000000002,1,277,3,321
14973,Loyal Customers,32,3,1314.45,4,108,5,534
14974,Others,21,2,114.39,1,302,2,221
14975,Lost,11,1,279.94,2,58,1,112
14976,Others,72,4,790.8599999999997,3,58,1,143
14978,Others,216,5,1931.4200000000028,4,73,1,154
14981,Others,8,1,102.11999999999998,1,159,4,411
14984,Others,41,3,213.26999999999998,1,4,2,231
14985,Loyal Customers,87,4,296.7499999999999,2,199,4,442
14987,Others,4,1,326.4,2,16,4,412
14988,Others,40,3,334.54,2,5,2,232
14995,Others,61,4,233.23000000000005,1,251,3,341
14997,Potential Loyalist,26,2,546.2,3,1,5,523
14998,Others,75,4,429.8699999999999,2,6,1,142
15000,Others,77,4,490.52,3,48,2,243
15002,Loyal Customers,115,4,1641.7599999999998,4,116,5,544
15004,Champions,158,5,1246.3199999999995,4,148,5,554
15005,Loyal Customers,1119,5,6316.569999999991,5,16,4,455
15006,Others,144,5,502.08999999999975,3,52,2,253
15007,Others,12,1,156.91000000000003,1,278,3,311
15009,Champions,182,5,1261.7799999999997,4,13,5,554
15010,Others,20,2,308.94000000000005,2,243,3,322
15012,Others,128,5,423.0399999999996,2,54,1,152
15014,Others,35,3,260.16999999999996,2,44,2,232
15016,Potential Loyalist,20,2,170.04,1,173,4,421
15017,Potential Loyalist,20,2,125.58000000000003,1,182,4,421
15018,Others,31,3,496.21,3,333,2,233
15019,Others,70,4,265.9999999999999,2,267,3,342
15021,Others,472,5,1914.8200000000024,4,27,3,354
15022,Loyal Customers,135,5,905.0399999999995,3,12,5,553
15023,Others,562,5,6802.759999999989,5,40,2,255
15024,Champions,155,5,1661.3300000000006,4,10,5,554
15025,Loyal Customers,72,4,377.01,2,182,4,442
15026,Others,61,4,469,2,81,1,142
15027,Others,35,3,1066.1499999999996,4,90,1,134
15028,Others,48,3,627.13,3,43,2,233
15030,Lost,7,1,518.28,3,72,1,113
15031,Others,111,4,668.14,3,90,1,143
15032,Others,52,3,4959.0999999999985,5,257,3,335
15033,Others,510,5,2586.670000000001,5,26,3,355
15034,Loyal Customers,394,5,4308.609999999999,5,16,4,455
15035,Others,27,2,252.72999999999996,2,31,2,222
15036,Others,127,5,465.55,2,73,1,152
15038,Loyal Customers,130,5,705.4899999999997,3,0,5,553
15039,Champions,1502,5,19914.439999999966,5,10,5,555
15041,Loyal Customers,67,4,180.35000000000002,1,171,4,441
15042,Others,5,1,135.93,1,200,4,411
15043,Others,3,1,537,3,121,5,513
15044,Others,453,5,7700.229999999997,5,6,1,155
15045,Others,12,1,735.6600000000001,3,33,2,213
15046,Champions,206,5,5213.770000000001,5,10,5,555
15047,Others,22,2,343.62,2,270,3,322
15048,Loyal Customers,97,4,384.04999999999984,2,117,5,542
15049,Others,3,1,121.17000000000002,1,37,2,211
15050,Others,78,4,1782.0900000000004,4,26,3,344
15051,Others,143,5,1391.6100000000001,4,3,3,354
15052,Others,30,3,215.78,1,320,2,231
15053,Loyal Customers,71,4,697.79,3,186,4,443
15054,Loyal Customers,114,4,302.09999999999997,2,13,5,542
15057,At Risk,25,2,1489.5,4,98,1,124
15058,Others,276,5,2124.9900000000025,5,26,3,355
15059,Others,237,5,1337.7200000000007,4,41,2,254
15060,Loyal Customers,121,4,303.0899999999999,2,10,5,542
15061,Others,403,5,54534.140000000014,5,5,2,255
15062,Others,57,3,987.8599999999999,4,72,1,134
15063,Lost,5,1,370.79999999999995,2,66,1,112
15065,Loyal Customers,155,5,3158.1300000000006,5,165,4,455
15066,Others,42,3,893.59,3,54,1,133
15067,Others,82,4,1744.7600000000004,4,79,1,144
15068,Others,104,4,553.3599999999998,3,47,2,243
15069,Loyal Customers,70,4,1109.5300000000007,4,180,4,444
15070,Lost,1,1,106.2,1,666,1,111
15071,At Risk,26,2,982.0699999999997,4,98,1,124
15073,Loyal Customers,54,3,1043.4099999999999,4,10,5,534
15074,Loyal Customers,42,3,748.8700000000002,3,106,5,533
15075,Others,27,2,773.0300000000002,3,78,1,123
15076,Loyal Customers,49,3,880.8500000000004,3,173,4,433
15078,Champions,440,5,9743.110000000022,5,12,5,555
15079,Others,47,3,895.61,3,35,2,233
15081,Others,33,3,504.7999999999999,3,23,3,333
15083,Others,5,1,88.19999999999999,1,257,3,311
15087,Others,15,2,306.94,2,282,3,322
15088,Others,57,3,1160.07,4,22,3,334
15089,Champions,145,5,2420.8400000000024,5,11,5,555
15090,Others,23,2,381.32000000000005,2,252,3,322
15091,Others,30,3,480.71,2,275,3,332
15092,Potential Loyalist,26,2,457.80999999999995,2,127,5,522
15093,Loyal Customers,108,4,4597.019999999998,5,19,4,445
15095,Loyal Customers,47,3,1370.5999999999997,4,104,5,534
15096,Others,11,1,219.39,1,43,2,211
15097,Potential Loyalist,25,2,248.07999999999996,1,212,4,421
15098,At Risk,3,1,39916.5,5,65,1,115
15099,Others,23,2,410.48,2,85,1,122
15100,Lost,3,1,876,3,70,1,113
15101,Others,8,1,317.53,2,332,2,212
15103,Others,35,3,703.3599999999998,3,87,1,133
15104,Loyal Customers,69,4,1027.44,4,197,4,444
15105,Loyal Customers,101,4,2298.930000000001,5,19,4,445
15106,Others,100,4,1422.5200000000002,4,5,2,244
15107,Others,17,2,319.5,2,39,2,222
15108,Loyal Customers,60,4,1300.2500000000002,4,142,5,544
15109,Potential Loyalist,28,2,484.95,2,128,5,522
15110,Others,35,3,996.1,4,24,3,334
15111,Others,84,4,1567.4799999999998,4,60,1,144
15113,Loyal Customers,100,4,3609.330000000001,5,10,5,545
15114,Others,197,5,2760.5599999999977,5,38,2,255
15115,Potential Loyalist,21,2,340.11000000000007,2,19,4,422
15116,Loyal Customers,45,3,1352.7500000000002,4,18,4,434
15117,Loyal Customers,79,4,1551.7800000000002,4,15,5,544
15118,Others,1,1,244.8,1,135,5,511
15119,Potential Loyalist,14,2,266.4,2,128,5,522
15120,Potential Loyalist,21,2,358.8199999999999,2,134,5,522
15121,Others,28,2,457.71999999999997,2,51,2,222
15122,Loyal Customers,82,4,1633.779999999999,4,115,5,544
15123,Loyal Customers,106,4,2199.309999999999,5,207,4,445
15124,Others,15,2,184.19,1,23,3,321
15125,Others,127,5,11528.480000000001,5,26,3,355
15127,Potential Loyalist,16,2,406.53000000000003,2,214,4,422
15128,Others,102,4,1471.0000000000007,4,61,1,144
15129,Others,84,4,3447.4,5,51,2,245
15130,Potential Loyalist,22,2,330.11,2,170,4,422
15132,Loyal Customers,52,3,977.9300000000002,4,19,4,434
15133,Others,29,3,982.4199999999998,4,38,2,234
15134,Loyal Customers,73,4,1387.99,4,15,5,544
15135,Others,9,1,139.04999999999998,1,240,3,311
15136,Others,68,4,1286.7000000000005,4,23,3,344
15139,Others,13,1,178.96000000000006,1,162,4,411
15140,Others,80,4,2354.2500000000005,5,53,2,245
15142,Others,26,2,498.74,3,47,2,223
15143,Others,14,2,259.45,2,226,3,322
15144,Champions,217,5,6580.440000000007,5,0,5,555
15145,Others,67,4,1194.7300000000005,4,44,2,244
15146,Loyal Customers,91,4,1327.1600000000008,4,165,4,444
15147,Others,28,2,623.5,3,241,3,323
15148,Potential Loyalist,20,2,301.28999999999996,2,11,5,522
15149,Potential Loyalist,23,2,520.8,3,134,5,523
15150,Loyal Customers,343,5,5314.469999999995,5,18,4,455
15152,Champions,271,5,4745.69,5,10,5,555
15153,Potential Loyalist,22,2,329.25,2,121,5,522
15154,Others,85,4,296.41999999999996,2,76,1,142
15156,Loyal Customers,55,3,961.4899999999999,4,120,5,534
15157,Champions,125,5,1936.0700000000006,4,125,5,554
15158,Others,7,1,401.4000000000001,2,46,2,212
15159,Loyal Customers,710,5,18641.010000000017,5,19,4,455
15160,Others,4,1,158.16000000000003,1,358,2,211
15163,Loyal Customers,29,3,304.4699999999999,2,19,4,432
15164,Loyal Customers,103,4,843.0499999999997,3,209,4,443
15165,Others,27,2,487.75,2,697,1,122
15167,Others,41,3,162.99999999999997,1,321,2,231
15168,Others,5,1,106.56,1,26,3,311
15171,At Risk,5,1,1289.5,4,9,1,114
15172,Others,110,4,1624.0499999999997,4,71,1,144
15174,Others,11,1,135.75,1,323,2,211
15175,Others,23,2,224.14000000000007,1,72,1,121
15178,Others,3,1,40.5,1,261,3,311
15179,Loyal Customers,93,4,2206.9500000000003,5,19,4,445
15180,Others,6,1,87.5,1,516,2,211
15181,Potential Loyalist,16,2,689.4799999999999,3,176,4,423
15182,Loyal Customers,29,3,622.8499999999999,3,125,5,533
15184,Others,63,4,406.76,2,60,1,142
15185,Others,21,2,310.62000000000006,2,71,1,122
15186,Potential Loyalist,19,2,411.40999999999997,2,15,5,522
15187,Loyal Customers,91,4,4777.180000000001,5,16,4,445
15189,Others,212,5,16225.390000000009,5,6,1,155
15192,Loyal Customers,51,3,1044.3200000000004,4,2,4,434
15193,Others,19,2,499.32,3,61,1,123
15194,Others,310,5,7616.529999999996,5,79,1,155
15195,Others,1,1,3861,5,151,4,415
15197,Loyal Customers,32,3,1079.61,4,11,5,534
15198,Others,10,1,193.64,1,123,5,511
15199,Others,13,1,1268.6999999999998,4,30,3,314
15201,Others,69,4,1236.5400000000002,4,88,1,144
15203,Others,142,5,1827.7999999999984,4,26,3,354
15204,Others,9,1,316.58000000000004,2,358,2,212
15205,Others,37,3,653.2399999999999,3,86,1,133
15206,Others,9,1,420.29999999999995,2,11,5,512
15208,Loyal Customers,42,3,870.12,3,120,5,533
15210,Others,20,2,331.18,2,226,3,322
15211,Others,52,3,894.41,3,61,1,133
15212,Lost,5,1,101.79999999999998,1,6,1,111
15213,Others,24,2,328.34999999999997,2,319,2,222
15214,Loyal Customers,110,4,1661.44,4,11,5,544
15215,Others,35,3,734.94,3,47,2,233
15216,Lost,2,1,96.6,1,88,1,111
15218,Champions,166,5,5756.890000000001,5,11,5,555
15219,Others,9,1,305.75,2,177,4,412
15220,Others,117,4,1778.9599999999994,4,52,2,244
15221,Others,5,1,403.25,2,485,2,212
15222,Others,5,1,585,3,319,2,213
15223,Others,20,2,755.7500000000001,3,226,3,323
15224,Others,14,2,322.0799999999999,2,359,2,222
15225,Others,23,2,409.4000000000001,2,235,3,322
15226,Others,8,1,154.41,1,311,2,211
15227,Loyal Customers,58,4,1219.4,4,127,5,544
15228,Loyal Customers,125,5,3386.7100000000005,5,170,4,455
15230,Others,23,2,429.6,2,240,3,322
15232,Loyal Customers,31,3,612.0600000000001,3,114,5,533
15234,Potential Loyalist,14,2,197,1,129,5,521
15235,Loyal Customers,143,5,2247.5099999999998,5,159,4,455
15236,Others,15,2,321.05,2,299,3,322
15237,Others,99,4,1412.320000000001,4,79,1,144
15238,Others,50,3,1071.9899999999998,4,60,1,134
15239,Loyal Customers,49,3,780.59,3,11,5,533
15240,Others,78,4,1706.57,4,6,1,144
15241,Others,110,4,1756.4400000000007,4,74,1,144
15243,Others,22,2,316.68,2,75,1,122
15244,Loyal Customers,34,3,631.57,3,214,4,433
15245,Loyal Customers,89,4,2515.8400000000006,5,135,5,545
15246,Others,33,3,514.1500000000001,3,239,3,333
15247,Lost,6,1,356,2,93,1,112
15249,Loyal Customers,350,5,6688.460000000006,5,2,4,455
15251,Others,111,4,10484.989999999996,5,3,3,345
15252,Others,44,3,740.7800000000001,3,95,1,133
15253,Loyal Customers,53,3,918.1999999999996,3,1,5,533
15254,Others,18,2,300.36000000000007,2,246,3,322
15255,Others,47,3,890.8499999999999,3,244,3,333
15256,Others,6,1,98.45,1,149,5,511
15257,Others,7,1,317.15,2,341,2,212
15258,Loyal Customers,34,3,623.1600000000001,3,169,4,433
15260,Loyal Customers,77,4,1810.77,4,101,5,544
15261,Potential Loyalist,19,2,254.82000000000002,2,136,5,522
15262,Others,10,1,178.95000000000002,1,324,2,211
15263,Others,12,1,156.50999999999996,1,107,5,511
15264,Potential Loyalist,23,2,393.74000000000007,2,183,4,422
15265,Others,82,4,1506.1200000000001,4,33,2,244
15266,Others,6,1,119.30000000000001,1,223,3,311
15267,Others,11,1,1717.36,4,0,5,514
15269,Others,2,1,408.8,2,24,3,312
15270,Loyal Customers,41,3,2379.49,5,16,4,435
15271,Others,274,5,2507.070000000002,5,4,2,255
15272,Others,63,4,721.9399999999998,3,58,1,143
15274,Loyal Customers,47,3,716.5700000000003,3,19,4,433
15275,Others,41,3,615.1399999999999,3,302,2,233
15276,Others,52,3,135.31000000000003,1,244,3,331
15277,Others,12,1,255.89999999999998,2,47,2,212
15279,Others,19,2,290.51,2,355,2,222
15280,Potential Loyalist,16,2,113.12,1,173,4,421
15281,Champions,139,5,2332.149999999999,5,0,5,555
15286,Others,3,1,240.55,1,50,2,211
15287,Others,20,2,486.69,2,23,3,322
15288,Others,88,4,2306.519999999999,5,44,2,245
15289,Others,58,4,939.7800000000003,3,60,1,143
15290,Others,204,5,7943.22,5,43,2,255
15291,Others,103,4,4668.300000000002,5,4,2,245
15292,Potential Loyalist,25,2,180.93999999999997,1,202,4,421
15296,Others,194,5,3672.86,5,35,2,255
15297,Loyal Customers,39,3,641.94,3,11,5,533
15298,Champions,192,5,4799.900000000001,5,11,5,555
15299,Others,7,1,4507.01,5,165,4,415
15300,Potential Loyalist,28,2,496.4399999999999,3,183,4,423
15301,Others,243,5,5070.3499999999985,5,51,2,255
15303,Others,31,3,574.02,3,291,3,333
15304,Others,23,2,694.4000000000002,3,61,1,123
15306,Loyal Customers,58,4,1174.3499999999997,4,123,5,544
15307,Others,12,1,205.3,1,215,4,411
15308,Others,19,2,310.47,2,68,1,122
15311,Champions,2379,5,60767.90000000011,5,0,5,555
15312,Others,47,3,924.8500000000001,3,76,1,133
15313,Others,1,1,52,1,111,5,511
15314,Potential Loyalist,24,2,327.97,2,200,4,422
15315,Loyal Customers,37,3,570.5,3,117,5,533
15316,Others,1,1,165,1,327,2,211
15318,Loyal Customers,33,3,312.62,2,181,4,432
15319,Others,16,2,204.5,1,341,2,221
15320,Others,36,3,267.13,2,45,2,232
15321,Others,95,4,2748.3100000000004,5,71,1,145
15322,Others,42,3,679.6799999999998,3,86,1,133
15325,Loyal Customers,49,3,162.2899999999999,1,104,5,531
15326,Others,29,3,311.71,2,70,1,132
15327,Others,10,1,208.75000000000003,1,53,2,211
15329,Others,57,3,1049.6999999999998,4,40,2,234
15330,Lost,13,1,714.96,3,61,1,113
15332,Others,35,3,1661.06,4,485,2,234
15333,Potential Loyalist,16,2,1028.56,4,209,4,424
15334,Loyal Customers,99,4,351.6699999999999,2,164,4,442
15335,Others,36,3,173.97000000000003,1,54,1,131
15339,Others,86,4,574.0699999999998,3,244,3,343
15341,At Risk,17,2,2020.52,4,81,1,124
15342,Others,24,2,406.0899999999999,2,305,2,222
15343,Others,21,2,364.5,2,88,1,122
15344,Others,26,2,563.94,3,75,1,123
15345,Others,20,2,393.54,2,46,2,222
15346,Others,17,2,252.42000000000004,2,39,2,222
15347,Others,5,1,201.59999999999997,1,485,2,211
15348,Lost,9,1,158.03999999999996,1,73,1,111
15349,Others,72,4,473.80999999999983,2,218,3,342
15350,Lost,5,1,115.65,1,697,1,111
15351,Champions,225,5,1960.110000000001,4,13,5,554
15353,Others,63,4,777.02,3,255,3,343
15355,Others,14,2,277.05000000000007,2,54,1,122
15356,Others,519,5,2766.499999999999,5,72,1,155
15358,Champions,551,5,8347.199999999992,5,1,5,555
15360,Others,13,1,427.92999999999995,2,40,2,212
15361,Others,7,1,418.9200000000001,2,362,2,212
15363,Others,16,2,326,2,666,1,122
15364,Loyal Customers,29,3,913.1900000000004,3,215,4,433
15365,Others,114,4,2314.32,5,26,3,345
15366,Others,44,3,602.5100000000001,3,76,1,133
15367,Others,95,4,1877.5899999999992,4,58,1,144
15368,Others,4,1,446.94000000000005,2,22,3,312
15370,Others,94,4,2386.05,5,30,3,345
15372,Potential Loyalist,27,2,2007.4,4,138,5,524
15373,Loyal Customers,132,5,2415.9100000000003,5,19,4,455
15374,Others,3,1,168,1,277,3,311
15376,Others,117,4,1233.3599999999997,4,41,2,244
15379,Others,194,5,3703.2899999999995,5,98,1,155
15380,Others,36,3,1690.26,4,47,2,234
15381,Lost,8,1,596.85,3,66,1,113
15382,Champions,302,5,5955.709999999999,5,15,5,555
15384,Loyal Customers,41,3,642.41,3,170,4,433
15385,Others,12,1,316.88,2,41,2,212
15386,Loyal Customers,31,3,394.14000000000004,2,187,4,432
15388,Others,10,1,140.54,1,271,3,311
15389,Others,1,1,500,3,173,4,413
15392,Loyal Customers,84,4,1535.5299999999997,4,1,5,544
15393,Others,12,1,231.86,1,17,4,411
15394,Loyal Customers,85,4,2183.54,5,10,5,545
15395,Others,7,1,107.45000000000002,1,326,2,211
15396,Potential Loyalist,14,2,288.17999999999995,2,113,5,522
15397,Others,6,1,94,1,290,3,311
15398,Loyal Customers,73,4,1345.5299999999997,4,17,4,444
15399,Others,50,3,815.7699999999999,3,23,3,333
15400,Others,12,1,716.2,3,114,5,513
15402,Loyal Customers,42,3,626.7699999999999,3,149,5,533
15405,Others,8,1,349.1,2,279,3,312
15406,Others,53,3,510.7099999999999,3,38,2,233
15407,Others,153,5,1056.44,4,95,1,154
15408,Others,34,3,267.17999999999995,2,265,3,332
15410,Others,122,5,3450.8400000000015,5,85,1,155
15411,Others,99,4,1358.8800000000003,4,27,3,344
15412,Others,10,1,190.53000000000003,1,172,4,411
15414,Loyal Customers,39,3,774.8999999999999,3,10,5,533
15415,Others,48,3,572.8099999999998,3,314,2,233
15416,Loyal Customers,192,5,3984.3199999999993,5,156,4,455
15417,Others,28,2,508.8000000000001,3,86,1,123
15419,Others,8,1,135.86,1,25,3,311
15421,Loyal Customers,53,3,950.3599999999996,4,0,5,534
15422,Others,6,1,97.7,1,324,2,211
15423,Others,2,1,43.5,1,333,2,211
15424,Others,17,2,383.34,2,255,3,322
15426,Loyal Customers,292,5,1447.39,4,20,4,454
15427,Others,306,5,1483.1399999999999,4,48,2,254
15428,Others,6,1,93.78,1,16,4,411
15429,Others,82,4,397.3499999999998,2,27,3,342
15432,Others,10,1,171.19,1,24,3,311
15433,Others,41,3,533.2999999999998,3,66,1,133
15434,Loyal Customers,55,3,1041.4800000000002,4,108,5,534
15435,Others,29,3,149.29000000000005,1,23,3,331
15436,Champions,329,5,1122.5300000000007,4,13,5,554
15437,Others,45,3,200.16000000000003,1,263,3,331
15438,Potential Loyalist,25,2,156.57999999999998,1,132,5,521
15440,Others,62,4,383.67999999999995,2,55,1,142
15442,Others,2,1,594,3,220,3,313
15443,Champions,382,5,3236.909999999999,5,13,5,555
15444,Champions,219,5,1418.2600000000016,4,10,5,554
15445,Others,5,1,113.5,1,265,3,311
15447,Others,9,1,155.17,1,331,2,211
15448,Others,28,2,494.64000000000004,3,313,2,223
15449,Others,60,4,974.52,4,27,3,344
15450,Others,30,3,429.84,2,90,1,132
15452,Others,58,4,538.73,3,60,1,143
15453,Others,286,5,1388.370000000001,4,57,1,154
15454,Others,25,2,179.10000000000002,1,363,2,221
15456,Others,60,4,447.2200000000001,2,341,2,242
15457,Others,58,4,237.07000000000002,1,263,3,341
15458,Others,7,1,161.64,1,26,3,311
15460,Others,58,4,216.76,1,355,2,241
15462,Others,11,1,234.60000000000002,1,144,5,511
15463,Lost,7,1,126.14,1,60,1,111
15464,Others,157,5,1048.8500000000006,4,223,3,354
15465,Others,97,4,7354.62,5,4,2,245
15466,Others,57,3,334.53000000000014,2,86,1,132
15467,Loyal Customers,52,3,524.88,3,10,5,533
15468,Others,24,2,467.50999999999993,2,52,2,222
15469,Others,24,2,538.55,3,32,2,223
15471,Loyal Customers,77,4,469.47999999999985,2,151,4,442
15472,Loyal Customers,76,4,371.56,2,114,5,542
15473,Others,11,1,1771.2,4,0,5,514
15475,Others,29,3,454.10999999999984,2,78,1,132
15478,Others,46,3,1441.4199999999996,4,41,2,234
15480,Loyal Customers,45,3,905.5,3,117,5,533
15482,Loyal Customers,98,4,11054.960000000003,5,16,4,445
15483,Others,88,4,233.81000000000006,1,267,3,341
15484,Loyal Customers,188,5,3594.3099999999995,5,19,4,455
15485,Others,86,4,2575,5,90,1,145
15488,Others,2,1,91.32000000000001,1,123,5,511
15489,Others,50,3,1134.28,4,5,2,234
15491,Champions,154,5,3100.0900000000015,5,101,5,555
15492,Others,35,3,659.4599999999999,3,29,3,333
15493,Loyal Customers,297,5,2001.800000000005,4,150,4,454
15494,Others,125,5,1299.230000000001,4,22,3,354
15497,Potential Loyalist,15,2,1262.2,4,18,4,424
15498,Others,512,5,13316.399999999992,5,5,2,255
15500,Loyal Customers,68,4,1131.5600000000004,4,19,4,444
15502,Loyal Customers,213,5,10384.93,5,16,4,455
15503,Others,70,4,147.09000000000003,1,363,2,241
15504,Lost,13,1,52.83000000000001,1,82,1,111
15505,Others,97,4,3610.9600000000005,5,53,2,245
15506,Others,164,5,979.2600000000004,4,23,3,354
15507,Loyal Customers,46,3,492.35999999999996,3,172,4,433
15508,Others,92,4,1000.2700000000002,4,226,3,344
15510,Others,1,1,250,1,331,2,211
15511,Loyal Customers,160,5,909.2300000000001,3,12,5,553
15512,Others,7,1,121,1,156,4,411
15513,Others,308,5,14758.219999999998,5,5,2,255
15514,Champions,178,5,4139.460000000002,5,13,5,555
15516,Others,15,2,62.43,1,45,2,221
15517,Others,27,2,267.03000000000003,2,234,3,322
15518,Others,214,5,1942.4500000000012,4,39,2,254
15520,Potential Loyalist,18,2,343.49999999999994,2,120,5,522
15521,Others,185,5,3000.2000000000007,5,35,2,255
15522,Others,57,3,398.84,2,88,1,132
15523,Lost,10,1,412.00999999999993,2,85,1,112
15524,Others,1,1,440,2,25,3,312
15525,Loyal Customers,178,5,825.9200000000002,3,18,4,453
15526,Others,4,1,148.44,1,182,4,411
15527,Loyal Customers,163,5,2429.779999999999,5,19,4,455
15528,Others,26,2,229.32999999999993,1,255,3,321
15529,Others,672,5,3995.2299999999973,5,23,3,355
15530,Others,108,4,1502.3500000000001,4,22,3,344
15531,Others,228,5,2007.4399999999994,4,90,1,154
15532,Others,256,5,1580.9300000000032,4,26,3,354
15533,Loyal Customers,83,4,807.5699999999997,3,20,4,443
15535,Loyal Customers,75,4,536.3999999999999,3,174,4,443
15537,Potential Loyalist,24,2,110.92000000000003,1,164,4,421
15539,Others,41,3,538.46,3,301,2,233
15540,Potential Loyalist,15,2,213.30000000000004,1,12,5,521
15541,Loyal Customers,29,3,85.13000000000002,1,115,5,531
15543,Others,28,2,127.85999999999999,1,289,3,321
15544,Loyal Customers,259,5,3546.709999999995,5,2,4,455
15545,Others,81,4,292.7199999999999,2,55,1,142
15547,Others,702,5,4954.839999999991,5,31,2,255
15549,Others,115,4,1693.26,4,78,1,144
15550,Others,61,4,575.63,3,38,2,243
15551,Others,29,3,436.05999999999995,2,274,3,332
15552,Potential Loyalist,17,2,90.12,1,188,4,421
15553,Others,56,3,437.22999999999985,2,61,1,132
15554,Potential Loyalist,14,2,217.2,1,160,4,421
15555,Champions,899,5,4805.169999999989,5,0,5,555
15556,Others,31,3,279.77,2,25,3,332
15557,Others,20,2,473.65,2,29,3,322
15561,Potential Loyalist,27,2,800.5900000000001,3,12,5,523
15562,Others,1,1,134.55,1,352,2,211
15563,Others,113,4,1400.4399999999998,4,23,3,344
15565,Others,8,1,173.15999999999997,1,51,2,211
15567,Others,7,1,186.01000000000002,1,19,4,411
15568,Others,53,3,758.2899999999998,3,45,2,233
15569,Others,31,3,1375.7100000000003,4,39,2,234
15570,Champions,323,5,4165.52,5,11,5,555
15571,Loyal Customers,57,3,650.43,3,12,5,533
15572,Others,215,5,2552.86,5,26,3,355
15573,Others,104,4,607.45,3,86,1,143
15574,Loyal Customers,168,5,702.2500000000001,3,178,4,453
15576,Others,45,3,940.6700000000002,3,302,2,233
15577,Others,39,3,258.8799999999998,2,33,2,232
15578,Others,13,1,127.1,1,163,4,411
15579,Others,51,3,348.5999999999999,2,303,2,232
15581,Others,150,5,3679.9700000000003,5,32,2,255
15582,Others,44,3,682.9100000000001,3,25,3,333
15584,Others,123,5,725.1099999999999,3,24,3,353
15585,Loyal Customers,31,3,455.30000000000007,2,177,4,432
15587,Others,9,1,913.6800000000002,3,31,2,213
15589,Others,29,3,478.53,2,256,3,332
15592,Others,24,2,388.58,2,47,2,222
15593,Lost,5,1,199.8,1,71,1,111
15594,Loyal Customers,103,4,1771.78,4,16,4,444
15596,Others,77,4,1406.5900000000004,4,96,1,144
15597,Others,22,2,324.57,2,243,3,322
15598,Others,14,2,240.68,1,54,1,121
15599,Others,52,3,761.74,3,27,3,333
15601,Champions,410,5,6776.559999999997,5,12,5,555
15602,Others,47,3,1297.8700000000003,4,23,3,334
15603,Lost,2,1,48.480000000000004,1,79,1,111
15604,Others,17,2,216.39000000000001,1,53,2,221
15605,Others,67,4,1198.23,4,31,2,244
15606,Loyal Customers,77,4,2920.1600000000003,5,2,4,445
15607,Others,13,1,104.76,1,162,4,411
15608,Others,60,4,1093.68,4,29,3,344
15609,Potential Loyalist,16,2,298.48,2,126,5,522
15610,Others,6,1,112.46,1,52,2,211
15611,Loyal Customers,43,3,1591.4500000000003,4,10,5,534
15612,Lost,6,1,195.15,1,91,1,111
15615,Champions,423,5,10399.739999999989,5,11,5,555
15618,Loyal Customers,45,3,776.8510000000002,3,123,5,533
15619,Others,3,1,336.40000000000003,2,11,5,512
15620,Others,100,4,1553.18,4,57,1,144
15621,Potential Loyalist,16,2,1293.0300000000002,4,12,5,524
15622,Others,185,5,3709.5600000000018,5,44,2,255
15623,Potential Loyalist,19,2,301.03,2,142,5,522
15624,Loyal Customers,34,3,588.1300000000001,3,117,5,533
15625,Loyal Customers,64,4,1534.26,4,104,5,544
15626,Others,49,3,675.8000000000001,3,75,1,133
15628,Others,155,5,2870.2400000000002,5,25,3,355
15630,Others,60,4,1186.35,4,46,2,244
15632,Loyal Customers,167,5,3285.310000000001,5,16,4,455
15634,Potential Loyalist,15,2,243.55,1,18,4,421
15636,Others,25,2,724.76,3,31,2,223
15637,Others,15,2,223.36,1,53,2,221
15639,Potential Loyalist,25,2,425.31999999999994,2,135,5,522
15640,Loyal Customers,484,5,12515.659999999982,5,17,4,455
15641,Loyal Customers,119,4,1887.2000000000005,4,106,5,544
15643,Others,33,3,664.0000000000002,3,310,2,233
15644,Loyal Customers,238,5,812.9999999999998,3,167,4,453
15645,Loyal Customers,52,3,612.0099999999998,3,19,4,433
15646,Loyal Customers,35,3,447.63999999999993,2,159,4,432
15648,Potential Loyalist,25,2,657.3499999999999,3,205,4,423
15649,Others,2,1,816,3,162,4,413
15651,Others,32,3,646.3000000000001,3,261,3,333
15652,Others,21,2,337.74,2,92,1,122
15653,Others,6,1,877.4399999999999,3,116,5,513
15654,Potential Loyalist,21,2,922.5300000000002,3,10,5,523
15655,Others,34,3,560.67,3,67,1,133
15656,Others,47,3,748.5000000000001,3,46,2,233
15657,Others,1,1,30,1,23,3,311
15658,Loyal Customers,48,3,1024.0999999999997,4,198,4,434
15659,Others,11,1,306.45000000000005,2,44,2,212
15660,Others,90,4,1600.86,4,26,3,344
15661,Others,5,1,309.8,2,223,3,312
15663,Others,9,1,138.14000000000001,1,107,5,511
15664,Others,17,2,386.43,2,51,2,222
15665,Others,116,4,2242.0100000000007,5,67,1,145
15667,Others,13,1,301.32000000000005,2,40,2,212
15668,Others,1,1,76.32000000000001,1,188,4,411
15669,Others,33,3,684.34,3,41,2,233
15670,Others,12,1,173.05,1,297,3,311
15671,Loyal Customers,78,4,2657.1300000000006,5,19,4,445
15673,Champions,155,5,2881.0200000000013,5,1,5,555
15674,Others,114,4,2446.6,5,66,1,145
15675,Others,21,2,323.69,2,82,1,122
15676,Loyal Customers,202,5,3435.7599999999998,5,19,4,455
15677,Others,33,3,657.23,3,50,2,233
15678,Others,12,1,352.70000000000005,2,53,2,212
15679,Others,110,4,781.2799999999999,3,25,3,343
15680,Loyal Customers,78,4,1333.6800000000003,4,10,5,544
15681,Others,53,3,1426.1599999999999,4,26,3,334
15683,Others,10,1,193.75,1,118,5,511
15687,Others,166,5,2993.099999999999,5,24,3,355
15689,Others,9,1,254.1,2,2,4,412
15690,Potential Loyalist,19,2,239.76000000000002,1,101,5,521
15691,Others,2,1,136.8,1,340,2,211
15692,Others,12,1,191.04000000000002,1,29,3,311
15694,Others,78,4,6479.399999999998,5,26,3,345
15695,Others,22,2,409.9800000000001,2,267,3,322
15696,Others,171,5,2736.4600000000005,5,80,1,155
15699,Potential Loyalist,18,2,309.6499999999999,2,18,4,422
15700,Loyal Customers,86,4,696.6799999999996,3,173,4,443
15701,Others,237,5,1542.14,4,74,1,154
15703,Others,5,1,211.5,1,265,3,311
15704,Loyal Customers,117,4,2293.6199999999994,5,127,5,545
15705,Others,6,1,143.10000000000002,1,202,4,411
15706,Others,55,3,1060.56,4,76,1,134
15707,Others,214,5,945.5799999999999,4,44,2,254
15708,Others,288,5,3364.2399999999984,5,41,2,255
15709,Others,6,1,133.25,1,341,2,211
15712,Loyal Customers,53,3,1072.3600000000001,4,10,5,534
15713,Potential Loyalist,19,2,356.7,2,144,5,522
15714,Loyal Customers,35,3,330.8799999999998,2,12,5,532
15716,Loyal Customers,118,4,1118.8100000000004,4,146,5,544
15717,Others,7,1,150.3,1,235,3,311
15719,Loyal Customers,937,5,5045.609999999998,5,152,4,455
15720,Others,128,5,598.7300000000001,3,25,3,353
15721,Loyal Customers,91,4,507.0799999999998,3,12,5,543
15722,Loyal Customers,69,4,2222.56,5,109,5,545
15723,Others,41,3,203.1,1,424,2,231
15724,Others,11,1,218.25,1,202,4,411
15725,Loyal Customers,32,3,415.2500000000001,2,16,4,432
15727,Others,302,5,5178.960000000001,5,9,1,155
15729,Others,5,1,85,1,35,2,211
15730,Loyal Customers,70,4,1120.8800000000003,4,123,5,544
15732,Others,14,2,294.11999999999995,2,35,2,222
15733,Others,10,1,162.3,1,310,2,211
15734,Potential Loyalist,26,2,1339.45,4,115,5,524
15737,Loyal Customers,72,4,1205.12,4,15,5,544
15738,Loyal Customers,173,5,4812.419999999996,5,19,4,455
15739,Others,8,1,449.12000000000006,2,244,3,312
15740,Others,9,1,154.88000000000002,1,50,2,211
15743,Loyal Customers,88,4,784.4600000000004,3,17,4,443
15744,Lost,3,1,34.8,1,78,1,111
15745,Loyal Customers,62,4,1094.59,4,20,4,444
15746,Potential Loyalist,28,2,196.87999999999997,1,135,5,521
15747,Loyal Customers,93,4,974.0399999999995,4,13,5,544
15748,Others,21,2,149.30999999999995,1,41,2,221
15749,At Risk,10,1,44534.3,5,39,2,215
15750,Loyal Customers,293,5,2465.479999999999,5,16,4,455
15752,Others,411,5,2637.3800000000024,5,40,2,255
15753,Others,1,1,79.2,1,130,5,511
15754,Others,28,2,458.57,2,52,2,222
15755,Champions,141,5,2364.2500000000023,5,1,5,555
15756,Others,192,5,532.9599999999995,3,64,1,153
15757,Loyal Customers,45,3,714.4200000000001,3,188,4,433
15758,Others,9,1,205.25,1,25,3,311
15759,Others,7,1,253.04000000000002,2,219,3,312
15762,Others,37,3,583.75,3,78,1,133
15763,Others,61,4,1086.9200000000003,4,78,1,144
15764,Champions,180,5,3279.9700000000003,5,1,5,555
15766,Others,11,1,315.05999999999995,2,183,4,412
15768,Potential Loyalist,27,2,621.83,3,116,5,523
15769,Others,130,5,56252.72000000001,5,41,2,255
15773,Others,10,1,635.6800000000001,3,242,3,313
15774,Others,25,2,270.8,2,303,2,222
15775,Others,7,1,104.9,1,128,5,511
15776,Potential Loyalist,18,2,241.62000000000003,1,134,5,521
15777,At Risk,21,2,1047.1100000000001,4,6,1,124
15780,Others,29,3,475.28000000000003,2,36,2,232
15781,Others,20,2,345.4600000000001,2,26,3,322
15782,Loyal Customers,43,3,2614.7400000000007,5,10,5,535
15783,Potential Loyalist,14,2,246.3,1,11,5,521
15785,Loyal Customers,83,4,2328.9700000000003,5,152,4,445
15786,Others,267,5,4932.2000000000035,5,47,2,255
15787,Others,206,5,948.0500000000001,4,27,3,354
15789,Others,25,2,351.3,2,359,2,222
15790,Loyal Customers,35,3,220.84999999999997,1,11,5,531
15791,Others,75,4,1612.6900000000003,4,44,2,244
15793,Others,12,1,965.6099999999999,4,15,5,514
15795,Loyal Customers,42,3,610.0100000000001,3,150,4,433
15796,Loyal Customers,133,5,2711.5599999999995,5,18,4,455
15797,At Risk,8,1,2207.4,5,96,1,115
15799,Others,98,4,884.1400000000002,3,76,1,143
15800,Loyal Customers,119,4,699.0800000000002,3,108,5,543
15801,Others,64,4,1063.9499999999998,4,47,2,244
15802,Others,1,1,451.42,2,143,5,512
15803,Others,8,1,415.82,2,52,2,212
15804,Champions,263,5,4206.389999999997,5,12,5,555
15805,Others,301,5,5528.479999999997,5,24,3,355
15806,Others,31,3,784.5799999999999,3,47,2,233
15807,Others,48,3,903.9000000000001,3,51,2,233
15808,Loyal Customers,208,5,3734.970000000001,5,191,4,455
15809,Others,35,3,515.7699999999999,3,69,1,133
15810,Others,89,4,1391.9799999999998,4,79,1,144
15811,Others,133,5,2218.6199999999994,5,23,3,355
15812,Others,41,3,1801.14,4,33,2,234
15813,Loyal Customers,40,3,1303.9099999999999,4,208,4,434
15814,Loyal Customers,72,4,1945.3300000000004,4,17,4,444
15815,Others,49,3,2100.6000000000004,5,35,2,235
15819,Others,123,5,1905.45,4,50,2,254
15820,Others,17,2,206.98000000000002,1,320,2,221
15821,Others,62,4,570.96,3,45,2,243
15822,Loyal Customers,33,3,885.4699999999999,3,181,4,433
15823,Lost,1,1,15,1,666,1,111
15825,Potential Loyalist,20,2,532.94,3,173,4,423
15826,Others,68,4,1654.31,4,57,1,144
15827,Others,115,4,1836.0900000000008,4,74,1,144
15829,Loyal Customers,51,3,636.14,3,141,5,533
15830,Others,39,3,576,3,302,2,233
15831,Loyal Customers,68,4,801.7599999999999,3,0,5,543
15832,Others,54,3,836.7899999999998,3,255,3,333
15834,Others,273,5,2233.749999999999,5,71,1,155
15835,Others,50,3,954.0899999999996,4,45,2,234
15836,Others,10,1,137.37,1,51,2,211
15837,Potential Loyalist,24,2,391.97999999999996,2,183,4,422
15838,Champions,167,5,33643.08,5,12,5,555
15839,Others,62,4,1048.4900000000002,4,81,1,144
15840,Potential Loyalist,27,2,355.56,2,0,5,522
15841,Others,47,3,1224.0600000000004,4,73,1,134
15843,Lost,8,1,118.95,1,99,1,111
15844,Others,11,1,130.74,1,47,2,211
15845,Loyal Customers,138,5,3711.7699999999995,5,18,4,455
15847,Others,22,2,389.27,2,289,3,322
15850,Loyal Customers,97,4,238.85000000000002,1,20,4,441
15852,Potential Loyalist,22,2,160.71,1,187,4,421
15853,Others,30,3,110.80000000000001,1,52,2,231
15854,Others,140,5,2974.6499999999974,5,87,1,155
15855,Others,80,4,712.2399999999997,3,95,1,143
15856,Others,645,5,16387.570000000003,5,33,2,255
15857,Potential Loyalist,14,2,297,2,19,4,422
15858,Loyal Customers,191,5,1438.8500000000008,4,16,4,454
15860,Others,142,5,977.2099999999992,4,41,2,254
15861,Champions,546,5,3165.360000000001,5,13,5,555
15862,Loyal Customers,147,5,832.88,3,113,5,553
15863,Others,18,2,68.84,1,26,3,321
15864,Others,20,2,1936.3200000000002,4,23,3,324
15865,Loyal Customers,40,3,895.1300000000002,3,1,5,533
15866,Loyal Customers,45,3,230.52999999999994,1,102,5,531
15867,Others,461,5,3812.6399999999985,5,23,3,355
15869,Potential Loyalist,15,2,149.64,1,160,4,421
15870,Loyal Customers,76,4,354.0899999999999,2,152,4,442
15872,Loyal Customers,128,5,360.9299999999999,2,15,5,552
15874,Loyal Customers,120,4,4405.879999999999,5,128,5,545
15877,Loyal Customers,129,5,493.28,3,18,4,453
15880,Others,105,4,343.28,2,577,1,142
15881,Others,29,3,501.39,3,313,2,233
15882,Potential Loyalist,23,2,516.3599999999999,3,199,4,423
15883,Loyal Customers,49,3,396.47999999999996,2,151,4,432
15885,Potential Loyalist,18,2,379.34999999999997,2,123,5,522
15886,Lost,12,1,181.09,1,61,1,111
15888,Lost,12,1,168.31,1,81,1,111
15889,Loyal Customers,93,4,446.8699999999998,2,186,4,442
15891,Others,62,4,524.52,3,227,3,343
15894,Others,41,3,263.54999999999995,2,254,3,332
15895,Others,11,1,179.17,1,150,4,411
15897,Potential Loyalist,24,2,222.05,1,195,4,421
15898,Loyal Customers,86,4,1388.8799999999999,4,120,5,544
15899,Lost,4,1,56.25,1,546,1,111
15900,Others,51,3,351.1099999999999,2,24,3,332
15901,Loyal Customers,116,4,363.8799999999999,2,17,4,442
15903,Loyal Customers,74,4,5126.76,5,10,5,545
15904,Others,30,3,164.67999999999998,1,332,2,231
15906,Loyal Customers,150,5,1567.6900000000014,4,20,4,454
15907,Loyal Customers,249,5,967.4499999999998,4,177,4,454
15909,Others,7,1,191.93999999999997,1,174,4,411
15910,Loyal Customers,267,5,1232.1799999999996,4,16,4,454
15912,Potential Loyalist,19,2,264.62,2,179,4,422
15916,Loyal Customers,155,5,1528.0900000000006,4,17,4,454
15917,Others,12,1,123.10000000000001,1,189,4,411
15918,Others,40,3,334.23,2,272,3,332
15919,Loyal Customers,143,5,639.89,3,20,4,453
15920,Loyal Customers,60,4,167.49999999999997,1,125,5,541
15921,Potential Loyalist,25,2,336.03000000000003,2,173,4,422
15922,Lost,11,1,369.50000000000006,2,697,1,112
15923,Others,21,2,127.08000000000003,1,666,1,121
15925,Others,12,1,207.15,1,195,4,411
15930,Others,21,2,426.63000000000017,2,275,3,322
15932,Loyal Customers,115,4,2495.870000000001,5,1,5,545
15933,Others,74,4,1107.4600000000003,4,22,3,344
15935,Lost,12,1,416.8600000000001,2,6,1,112
15937,Others,7,1,145.35,1,183,4,411
15938,Potential Loyalist,18,2,404.58,2,113,5,522
15939,Others,76,4,6115.009999999999,5,4,2,245
15940,Others,1,1,35.8,1,342,2,211
15942,Potential Loyalist,14,2,337.43999999999994,2,134,5,522
15944,Others,6,1,325.1,2,129,5,512
15945,Others,2,1,181,1,454,2,211
15947,Others,29,3,1708.2400000000002,4,83,1,134
15948,Others,60,4,955.2400000000001,4,44,2,244
15949,Potential Loyalist,19,2,364.7199999999999,2,17,4,422
15950,Others,98,4,1765.509999999999,4,79,1,144
15951,Others,41,3,708.2200000000001,3,286,3,333
15952,Loyal Customers,91,4,806.5699999999998,3,182,4,443
15953,Others,98,4,1659.3799999999999,4,5,2,244
15955,Others,183,5,4416.260000000002,5,25,3,355
15957,Loyal Customers,42,3,428.88999999999993,2,121,5,532
15958,Lost,7,1,104.35,1,75,1,111
15963,Potential Loyalist,28,2,470.7600000000001,2,20,4,422
15965,Loyal Customers,122,5,845.6399999999999,3,18,4,453
15967,Others,84,4,418.8299999999999,2,24,3,342
15969,Others,20,2,666.0999999999999,3,50,2,223
15970,Lost,11,1,314.1,2,99,1,112
15971,Loyal Customers,35,3,4199.85,5,1,5,535
15973,Others,4,1,307.82,2,485,2,212
15974,Others,176,5,3442.15,5,5,2,255
15975,Others,24,2,371.01,2,85,1,122
15976,Loyal Customers,98,4,430.93999999999977,2,166,4,442
15977,Loyal Customers,65,4,1054.7299999999996,4,18,4,444
15978,Others,49,3,1098.7800000000002,4,78,1,134
15980,Loyal Customers,43,3,2398.8599999999997,5,1,5,535
15981,Others,97,4,3408.4799999999987,5,6,1,145
15983,Others,113,4,1475.02,4,23,3,344
15984,Others,270,5,2837.6700000000005,5,72,1,155
15985,Loyal Customers,37,3,1142.42,4,124,5,534
15986,Others,14,2,168.12,1,90,1,121
15987,Champions,140,5,1451.2800000000004,4,13,5,554
15988,Potential Loyalist,27,2,158.03000000000003,1,20,4,421
15990,Others,52,3,792.11,3,45,2,233
15992,Others,3,1,41.989999999999995,1,181,4,411
15993,Loyal Customers,552,5,2797.5699999999983,5,17,4,455
15994,Others,35,3,427.07000000000005,2,55,1,132
15996,Champions,130,5,1060.6799999999994,4,1,5,554
15998,Others,506,5,3089.969999999999,5,88,1,155
16000,Others,9,1,12393.7,5,151,4,415
16003,Others,103,4,2735.3700000000003,5,60,1,145
16005,Loyal Customers,218,5,615.389999999999,3,13,5,553
16006,Others,8,1,101.39999999999999,1,5,2,211
16007,Others,385,5,1701.939999999998,4,4,2,254
16008,Others,33,3,478.7800000000001,2,24,3,332
16009,Others,90,4,992.7099999999999,4,23,3,344
16010,Loyal Customers,86,4,407.49999999999994,2,128,5,542
16011,Loyal Customers,212,5,3362.7100000000023,5,2,4,455
16012,Loyal Customers,94,4,1415.2899999999997,4,156,4,444
16013,Loyal Customers,139,5,37130.6,5,2,4,455
16014,Others,145,5,662.3799999999999,3,64,1,153
16015,Others,182,5,705.3899999999996,3,27,3,353
16016,Loyal Customers,235,5,1508.7600000000014,4,16,4,454
16017,Others,32,3,211.87999999999994,1,48,2,231
16018,Others,28,2,408.90000000000003,2,4,2,222
16019,Others,160,5,3786.239999999999,5,47,2,255
16020,Loyal Customers,46,3,851.0100000000001,3,17,4,433
16022,Others,76,4,628.2800000000001,3,261,3,343
16023,Others,101,4,719.81,3,47,2,243
16024,Loyal Customers,64,4,251.23999999999992,2,13,5,542
16025,Others,28,2,439.66,2,60,1,122
16026,Others,32,3,236.09000000000006,1,44,2,231
16027,Others,16,2,934.62,3,69,1,123
16029,Others,242,5,81024.84000000001,5,30,3,355
16030,Others,29,3,331.24000000000007,2,283,3,332
16031,Loyal Customers,100,4,548.9399999999999,3,123,5,543
16033,Others,1137,5,8816.399999999987,5,5,2,255
16034,Others,22,2,437.69999999999993,2,39,2,222
16036,Others,55,3,758.9199999999994,3,88,1,133
16037,Loyal Customers,39,3,855.0200000000001,3,130,5,533
16038,Potential Loyalist,26,2,471.7799999999999,2,178,4,422
16040,Loyal Customers,65,4,1313.5500000000006,4,149,5,544
16041,At Risk,6,1,3166.4,5,90,1,115
16042,Others,71,4,1197.2700000000002,4,23,3,344
16043,Others,39,3,773.9900000000004,3,5,2,233
16045,Loyal Customers,83,4,1340.7000000000003,4,2,4,444
16048,Lost,8,1,256.44000000000005,2,697,1,112
16049,Others,312,5,1111.7899999999993,4,41,2,254
16050,Others,10,1,137.9,1,174,4,411
16052,Others,34,3,362.06000000000006,2,55,1,132
16053,Others,84,4,1511.9499999999996,4,93,1,144
16054,Loyal Customers,70,4,783.8999999999999,3,146,5,543
16055,Others,8,1,134.8,1,280,3,311
16056,Others,68,4,664.85,3,46,2,243
16057,Others,121,4,2263.12,5,5,2,245
16059,Others,180,5,1459.8600000000008,4,72,1,154
16062,Others,64,4,1153.6199999999992,4,6,1,144
16063,Others,23,2,335.32000000000005,2,261,3,322
16065,Others,74,4,372.0900000000001,2,454,2,242
16066,Loyal Customers,102,4,1521.8700000000001,4,17,4,444
16070,Others,33,3,852.15,3,23,3,333
16071,Others,21,2,326.24000000000007,2,45,2,222
16072,Others,23,2,584.3199999999999,3,289,3,323
16073,Others,1,1,122.39999999999999,1,298,3,311
16076,Others,129,5,2234.729999999999,5,23,3,355
16078,Others,1,1,79.2,1,341,2,211
16079,Potential Loyalist,21,2,1352.0000000000002,4,17,4,424
16080,Lost,10,1,217.16000000000003,1,68,1,111
16081,Others,227,5,2806.9000000000005,5,57,1,155
16083,Loyal Customers,31,3,1317.6200000000003,4,101,5,534
16084,Others,38,3,436.17999999999995,2,300,2,232
16085,Champions,167,5,981.5099999999999,4,0,5,554
16086,Others,39,3,1121.39,4,30,3,334
16091,Potential Loyalist,18,2,315.06000000000006,2,125,5,522
16092,Loyal Customers,51,3,817.86,3,115,5,533
16093,Others,1,1,17,1,107,5,511
16094,Loyal Customers,63,4,1078.2299999999998,4,12,5,544
16096,Others,12,1,320.62,2,265,3,312
16097,Others,10,1,185.05,1,241,3,311
16098,Others,67,4,2005.6300000000003,4,88,1,144
16099,Others,39,3,731.8999999999999,3,51,2,233
16101,Others,76,4,1290.7,4,71,1,144
16102,Others,57,3,1842.1400000000003,4,43,2,234
16103,Others,48,3,1429.6399999999999,4,80,1,134
16104,Others,29,3,302.36,2,91,1,132
16105,Others,13,1,336.96,2,220,3,312
16106,Others,6,1,108.38,1,214,4,411
16107,Loyal Customers,31,3,3204.16,5,18,4,435
16108,Others,48,3,842.5,3,85,1,133
16109,Others,18,2,611.88,3,219,3,323
16110,Others,354,5,1337.4800000000016,4,46,2,254
16112,Others,16,2,195.74,1,70,1,121
16113,Others,30,3,161.38000000000002,1,95,1,131
16114,Others,8,1,135.75000000000003,1,171,4,411
16115,Others,284,5,1667.9700000000018,4,4,2,254
16116,Others,34,3,612.7800000000001,3,5,2,233
16117,Others,30,3,232.21,1,279,3,331
16119,Others,16,2,423.36,2,73,1,122
16120,Others,30,3,1309.14,4,30,3,334
16121,Others,212,5,867.1099999999998,3,58,1,153
16122,Others,38,3,684.42,3,39,2,233
16123,Others,16,2,307.78,2,52,2,222
16124,Others,11,1,249,1,318,2,211
16125,Others,13,1,289.35,2,516,2,212
16126,Others,117,4,6287.770000000002,5,60,1,145
16127,Others,40,3,656.2500000000001,3,40,2,233
16128,Loyal Customers,89,4,1880.22,4,18,4,444
16131,Others,78,4,3506.5400000000013,5,52,2,245
16133,Loyal Customers,339,5,14589.039999999997,5,17,4,455
16134,Others,35,3,618.0900000000001,3,22,3,333
16135,Others,21,2,517.5499999999998,3,263,3,323
16136,Others,37,3,709.3800000000002,3,30,3,333
16139,Loyal Customers,31,3,635.41,3,19,4,433
16140,Loyal Customers,35,3,725.1800000000001,3,214,4,433
16141,Loyal Customers,30,3,620.4,3,1,5,533
16142,Others,37,3,535.3400000000001,3,250,3,333
16143,Others,117,4,2424.939999999999,5,35,2,245
16144,Others,1,1,175.2,1,159,4,411
16145,Others,224,5,3799.4899999999957,5,3,3,355
16146,Loyal Customers,29,3,734.1299999999999,3,204,4,433
16147,Potential Loyalist,22,2,375,2,134,5,522
16148,Others,1,1,76.32000000000001,1,297,3,311
16149,Potential Loyalist,18,2,280.52000000000004,2,143,5,522
16150,Loyal Customers,117,4,2053.019999999999,4,1,5,544
16152,Others,29,3,1829.04,4,269,3,334
16153,Others,89,4,1824.2300000000002,4,50,2,244
16156,Others,130,5,3122.0400000000013,5,25,3,355
16157,Potential Loyalist,18,2,656.6899999999999,3,16,4,423
16159,Others,14,2,348.2000000000001,2,282,3,322
16160,At Risk,20,2,1025.4400000000005,4,86,1,124
16161,Champions,474,5,5575.559999999998,5,15,5,555
16162,Others,2,1,37.4,1,340,2,211
16163,Others,6,1,856.6000000000001,3,233,3,313
16164,Loyal Customers,34,3,822.4800000000001,3,18,4,433
16168,Others,98,4,3787.600000000001,5,3,3,345
16169,Others,85,4,1822.9700000000003,4,40,2,244
16170,Others,125,5,1885.0499999999995,4,51,2,254
16171,Others,3,1,73.2,1,30,3,311
16172,Others,69,4,1140.21,4,6,1,144
16173,Loyal Customers,84,4,1418.3199999999993,4,16,4,444
16174,At Risk,23,2,1009.5500000000001,4,33,2,224
16175,Loyal Customers,58,4,1037.5899999999997,4,170,4,444
16177,Others,15,2,331.95,2,51,2,222
16178,Others,8,1,197.90000000000003,1,139,5,511
16179,Lost,11,1,215.83,1,61,1,111
16180,Champions,162,5,10254.180000000002,5,101,5,555
16181,Lost,11,1,305.5400000000001,2,74,1,112
16182,At Risk,28,2,6617.650000000001,5,73,1,125
16183,Others,15,2,338.7100000000001,2,275,3,322
16184,Others,45,3,1158.7900000000002,4,5,2,234
16185,Loyal Customers,31,3,529.41,3,17,4,433
16186,Others,218,5,4006.9400000000032,5,5,2,255
16187,Others,295,5,6911.439999999999,5,52,2,255
16188,Others,67,4,981.8600000000001,4,36,2,244
16189,Others,11,1,215.47999999999996,1,16,4,411
16190,Others,6,1,215.08,1,41,2,211
16191,Champions,134,5,5180.52,5,12,5,555
16193,Others,19,2,314.45,2,237,3,322
16198,Others,15,2,400.681,2,76,1,122
16200,Loyal Customers,179,5,1080.6199999999992,4,165,4,454
16201,Others,111,4,1863.4699999999993,4,22,3,344
16202,Others,18,2,365.27000000000004,2,361,2,222
16203,Loyal Customers,35,3,592.9,3,0,5,533
16204,Others,57,3,405.71000000000004,2,24,3,332
16205,Others,98,4,761.38,3,90,1,143
16206,Others,63,4,537.06,3,55,1,143
16207,Others,19,2,394.38,2,26,3,322
16208,Others,66,4,664.2600000000001,3,45,2,243
16209,Loyal Customers,46,3,2262.62,5,1,5,535
16210,Champions,123,5,21086.299999999996,5,10,5,555
16211,Potential Loyalist,23,2,547.02,3,1,5,523
16212,Loyal Customers,41,3,690.34,3,20,4,433
16213,Lost,6,1,159,1,79,1,111
16214,Loyal Customers,44,3,1062.7499999999998,4,171,4,434
16215,Others,14,2,242.35000000000002,1,81,1,121
16216,Others,37,3,914.9300000000002,3,268,3,333
16217,Others,15,2,304.25,2,236,3,322
16218,Others,84,4,3084.6800000000017,5,60,1,145
16221,Others,97,4,864.86,3,98,1,143
16222,Others,137,5,846.7200000000007,3,319,2,253
16224,Others,96,4,1295.3000000000004,4,58,1,144
16225,Others,134,5,1096.32,4,45,2,254
16226,Others,8,1,255.11999999999998,2,204,4,412
16227,Others,6,1,314.22,2,226,3,312
16229,Others,47,3,1010.5999999999999,4,35,2,234
16230,Others,35,3,542.03,3,279,3,333
16232,Others,37,3,990.8799999999998,4,44,2,234
16233,Others,22,2,536.68,3,72,1,123
16235,Others,46,3,867.3099999999996,3,39,2,233
16236,Others,20,2,432.19999999999993,2,79,1,122
16239,Others,19,2,414.2,2,57,1,122
16240,Others,135,5,3718.800000000001,5,25,3,355
16241,Champions,662,5,2607.8700000000067,5,0,5,555
16242,Loyal Customers,294,5,3603.210000000001,5,19,4,455
16243,Others,51,3,409.09999999999974,2,55,1,132
16244,Others,91,4,1522.7499999999998,4,5,2,244
16245,Others,90,4,1413.660000000001,4,24,3,344
16247,Potential Loyalist,16,2,114.56,1,171,4,421
16248,Lost,7,1,152.94,1,91,1,111
16249,Others,69,4,1800.0700000000006,4,53,2,244
16250,Others,24,2,389.44000000000005,2,262,3,322
16253,Others,123,5,3683.8599999999983,5,244,3,355
16255,Loyal Customers,270,5,2619.91,5,17,4,455
16256,Others,13,1,752.4300000000002,3,267,3,313
16257,Others,2,1,46.95,1,177,4,411
16258,Others,135,5,5203.51,5,46,2,255
16260,At Risk,18,2,1035.45,4,51,2,224
16261,Loyal Customers,124,5,746.8299999999999,3,18,4,453
16265,Champions,258,5,5447.000000000003,5,10,5,555
16266,Others,61,4,861.8899999999998,3,74,1,143
16268,Others,45,3,667.6499999999999,3,72,1,133
16270,Others,54,3,1141.2399999999996,4,354,2,234
16271,Loyal Customers,133,5,1429.2399999999998,4,16,4,454
16272,Potential Loyalist,25,2,411.7000000000001,2,117,5,522
16274,Others,67,4,357.94999999999993,2,697,1,142
16275,Loyal Customers,33,3,559.8699999999999,3,197,4,433
16276,Others,6,1,810.6000000000001,3,177,4,413
16278,Potential Loyalist,23,2,566.3799999999999,3,101,5,523
16279,Others,107,4,1509.5800000000004,4,22,3,344
16281,At Risk,17,2,2062.06,5,73,1,125
16282,Others,11,1,168.3,1,253,3,311
16283,Others,166,5,1570.8099999999993,4,32,2,254
16284,Others,109,4,823.9699999999996,3,51,2,243
16287,Others,8,1,142.5,1,170,4,411
16292,Others,17,2,302.25,2,63,1,122
16293,Others,118,4,2248.9900000000002,5,22,3,345
16295,Loyal Customers,79,4,1328.5500000000004,4,0,5,544
16297,Others,20,2,301.90000000000003,2,269,3,322
16298,Others,27,2,598.1999999999998,3,23,3,323
16302,Others,11,1,233.22,1,216,4,411
16303,Others,162,5,5360.63,5,26,3,355
16305,Potential Loyalist,22,2,361.2199999999999,2,139,5,522
16306,Others,41,3,632.2700000000001,3,38,2,233
16308,Others,4,1,2560,5,108,5,515
16309,Loyal Customers,42,3,706.5700000000002,3,107,5,533
16311,Loyal Customers,37,3,616.26,3,18,4,433
16313,Others,16,2,274.15000000000003,2,50,2,222
16315,Others,14,2,226.37,1,331,2,221
16316,Others,151,5,2938.9100000000008,5,98,1,155
16317,Loyal Customers,69,4,1341.6499999999999,4,2,4,444
16318,Others,19,2,328.15,2,243,3,322
16319,Others,3,1,404.40000000000003,2,188,4,412
16320,Others,56,3,1038.46,4,66,1,134
16321,Lost,12,1,373.65,2,73,1,112
16322,Loyal Customers,37,3,326.74999999999994,2,120,5,532
16323,Others,1,1,207.50000000000003,1,197,4,411
16324,Loyal Customers,118,4,428.6799999999998,2,178,4,442
16325,Others,18,2,594.24,3,47,2,223
16326,Loyal Customers,319,5,3110.9600000000046,5,16,4,455
16327,Champions,319,5,3844.22,5,15,5,555
16330,Loyal Customers,39,3,251.91,2,18,4,432
16332,Others,153,5,1593.2000000000003,4,29,3,354
16333,Loyal Customers,45,3,26626.8,5,124,5,535
16337,Others,10,1,151.05,1,274,3,311
16338,Others,11,1,214.80000000000004,1,217,3,311
16339,Others,20,2,109.95000000000002,1,285,3,321
16340,Loyal Customers,153,5,549.0699999999998,3,108,5,553
16341,Others,77,4,1971.8700000000003,4,25,3,344
16342,Others,15,2,322.41,2,76,1,122
16343,Loyal Customers,47,3,370.47999999999996,2,17,4,432
16344,Others,2,1,101.10000000000001,1,247,3,311
16345,Others,38,3,575.4100000000001,3,45,2,233
16347,Loyal Customers,92,4,887.6500000000001,3,12,5,543
16348,Others,235,5,1469.4500000000005,4,79,1,154
16349,Others,9,1,53.5,1,291,3,311
16350,Others,57,3,1116.4699999999996,4,22,3,334
16351,Others,8,1,153.9,1,39,2,211
16352,Potential Loyalist,28,2,494.44000000000005,3,18,4,423
16353,Others,94,4,6675.709999999997,5,9,1,145
16354,Others,39,3,395.79999999999995,2,74,1,132
16356,Loyal Customers,31,3,211.76999999999998,1,160,4,431
16357,Others,34,3,658.88,3,66,1,133
16358,Others,109,4,2027.499999999999,4,80,1,144
16359,Others,66,4,1750.9199999999994,4,9,1,144
16360,Champions,662,5,3512.5299999999997,5,1,5,555
16361,Loyal Customers,106,4,896.6600000000001,3,10,5,543
16362,Others,81,4,734.7699999999996,3,30,3,343
16363,Lost,5,1,109.36000000000001,1,54,1,111
16364,Loyal Customers,53,3,707.0399999999997,3,12,5,533
16365,Others,51,3,1540.4200000000005,4,3,3,334
16366,Potential Loyalist,18,2,327.3,2,19,4,422
16367,Others,130,5,804.4899999999994,3,302,2,253
16368,Others,76,4,497.42999999999984,3,29,3,343
16369,Loyal Customers,118,4,1553.66,4,19,4,444
16370,Others,228,5,1320.5600000000004,4,65,1,154
16372,Loyal Customers,97,4,367.92999999999984,2,182,4,442
16374,Others,111,4,473.0299999999997,2,244,3,342
16376,Loyal Customers,125,5,987.0100000000007,4,18,4,454
16377,Others,5,1,676.2,3,268,3,313
16378,Potential Loyalist,23,2,362.95000000000005,2,189,4,422
16379,Loyal Customers,108,4,2157.400000000001,5,19,4,445
16380,Others,32,3,1780.5900000000001,4,91,1,134
16383,Others,102,4,668.3599999999996,3,75,1,143
16384,Others,33,3,584.4999999999999,3,31,2,233
16385,Others,59,4,555.8899999999999,3,61,1,143
16386,Others,88,4,317.20000000000016,2,29,3,342
16387,Others,4,1,94.36,1,323,2,211
16389,Others,34,3,1382.07,4,54,1,134
16392,Others,45,3,221.19000000000005,1,270,3,331
16393,Champions,330,5,3046.2100000000014,5,12,5,555
16394,Others,83,4,1555.3400000000006,4,57,1,144
16395,Others,210,5,1486.9000000000003,4,61,1,154
16398,Loyal Customers,82,4,1705.8000000000004,4,125,5,544
16399,Loyal Customers,73,4,408.57,2,20,4,442
16400,Loyal Customers,29,3,303.93,2,184,4,432
16401,Champions,186,5,4098.319999999999,5,15,5,555
16402,Others,60,4,299.59999999999997,2,265,3,342
16403,Others,10,1,177.5,1,313,2,211
16404,Others,23,2,443.0500000000001,2,71,1,122
16405,Lost,5,1,167.25,1,69,1,111
16406,Loyal Customers,63,4,163.07,1,19,4,441
16407,Champions,172,5,2126.9300000000017,5,13,5,555
16409,Others,232,5,2028.8800000000017,4,3,3,354
16411,Loyal Customers,45,3,214.64999999999998,1,20,4,431
16412,Others,35,3,151.83,1,54,1,131
16413,Others,31,3,262.20000000000005,2,57,1,132
16414,Others,7,1,126.25,1,22,3,311
16415,Others,54,3,210.34999999999985,1,45,2,231
16416,Others,71,4,1051.3999999999999,4,27,3,344
16418,Others,102,4,675.2700000000002,3,45,2,243
16419,Others,51,3,972.2299999999999,4,98,1,134
16422,Loyal Customers,369,5,34684.400000000016,5,18,4,455
16423,Others,18,2,346.12,2,25,3,322
16424,Others,5,1,133.56,1,338,2,211
16425,Others,21,2,302.69999999999993,2,69,1,122
16426,Others,372,5,1908.2500000000002,4,22,3,354
16427,Others,9,1,241.06,1,264,3,311
16429,Others,2,1,284.55,2,107,5,512
16430,Lost,6,1,300.85,2,58,1,112
16431,Others,83,4,642.81,3,66,1,143
16432,Others,8,1,287.4,2,183,4,412
16433,Others,17,2,184.26000000000002,1,29,3,321
16434,Others,109,4,1522.2500000000005,4,48,2,244
16438,Others,132,5,798.3499999999997,3,27,3,353
16440,Others,282,5,3640.669999999999,5,52,2,255
16441,Others,24,2,381.2,2,275,3,322
16442,Loyal Customers,174,5,616.79,3,120,5,553
16444,Others,84,4,654.6700000000003,3,47,2,243
16445,Loyal Customers,63,4,230.51000000000002,1,182,4,441
16446,At Risk,3,1,168472.5,5,89,1,115
16447,Loyal Customers,36,3,259.0099999999998,2,136,5,532
16448,Potential Loyalist,20,2,188.89,1,199,4,421
16449,Loyal Customers,40,3,707.6899999999998,3,198,4,433
16450,Others,11,1,311.92,2,150,4,412
16451,Others,14,2,266.97,2,88,1,122
16454,Others,2,1,6.9,1,45,2,211
16455,Loyal Customers,99,4,1841.1800000000005,4,153,4,444
16456,Loyal Customers,111,4,2158.3700000000003,5,104,5,545
16457,Others,9,1,208.36,1,219,3,311
16458,Champions,202,5,3482.7400000000002,5,1,5,555
16460,Others,135,5,814.7199999999996,3,29,3,353
16461,Loyal Customers,33,3,151.42,1,178,4,431
16462,Lost,3,1,136,1,74,1,111
16463,Others,82,4,1422.4,4,22,3,344
16464,Loyal Customers,236,5,1314.6800000000003,4,20,4,454
16466,Others,148,5,1603.4600000000007,4,4,2,254
16468,Lost,2,1,74.9,1,75,1,111
16469,Others,182,5,650.4300000000004,3,24,3,353
16470,Others,170,5,762.39,3,52,2,253
16471,Lost,13,1,223.95,1,68,1,111
16473,Potential Loyalist,18,2,316.11,2,162,4,422
16474,Loyal Customers,360,5,1871.5000000000025,4,18,4,454
16475,Potential Loyalist,28,2,544.3,3,1,5,523
16477,Others,146,5,2494.4600000000005,5,68,1,155
16478,Others,17,2,331,2,26,3,322
16479,Loyal Customers,35,3,300.83,2,11,5,532
16480,Others,53,3,769.2899999999995,3,76,1,133
16482,Potential Loyalist,18,2,220.61999999999998,1,16,4,421
16483,Potential Loyalist,19,2,139.35000000000002,1,193,4,421
16484,Potential Loyalist,25,2,404.30000000000007,2,174,4,422
16485,Others,42,3,363.65,2,78,1,132
16488,Loyal Customers,29,3,498.79999999999995,3,115,5,533
16491,Others,39,3,731.5,3,47,2,233
16493,Others,56,3,1351.6300000000003,4,80,1,134
16494,Others,50,3,826.5299999999999,3,297,3,333
16495,Loyal Customers,97,4,684.4100000000003,3,129,5,543
16496,Loyal Customers,95,4,1599.5200000000002,4,208,4,444
16497,Others,136,5,2965.690000000001,5,50,2,255
16498,Potential Loyalist,15,2,100.97000000000001,1,163,4,421
16499,Others,19,2,365.45,2,361,2,222
16500,Others,11,1,400.86,2,17,4,412
16503,Others,84,4,1431.9300000000005,4,96,1,144
16504,Others,86,4,484.37999999999977,2,26,3,342
16505,Others,4,1,777.6,3,121,5,513
16506,Others,3,1,90.30000000000001,1,20,4,411
16509,Others,13,1,363.7,2,297,3,312
16510,Lost,13,1,248.10000000000002,1,666,1,111
16511,Others,169,5,950.2599999999999,4,22,3,354
16513,Loyal Customers,35,3,874.5899999999999,3,20,4,433
16515,Others,113,4,1627.1300000000006,4,3,3,344
16516,Lost,6,1,101.7,1,90,1,111
16517,Potential Loyalist,17,2,162.70000000000005,1,160,4,421
16518,Others,40,3,484.32000000000016,2,91,1,132
16519,Others,13,1,215.08,1,26,3,311
16520,Loyal Customers,156,5,1046.5700000000004,4,187,4,454
16523,Loyal Customers,290,5,9418.470000000007,5,16,4,455
16525,Others,183,5,13027.450000000008,5,9,1,155
16526,Potential Loyalist,15,2,290.35999999999996,2,172,4,422
16527,Others,14,2,228.06000000000003,1,82,1,121
16528,Potential Loyalist,17,2,244.41,1,181,4,421
16529,Others,30,3,455.25,2,307,2,232
16531,Others,77,4,1244.5900000000001,4,23,3,344
16532,Others,4,1,6748.8,5,18,4,415
16533,Loyal Customers,177,5,1095.5600000000006,4,20,4,454
16535,Others,31,3,593.75,3,242,3,333
16536,Loyal Customers,55,3,548.97,3,111,5,533
16539,Loyal Customers,45,3,1388.81,4,151,4,434
16542,Lost,5,1,119.62,1,54,1,111
16545,Others,3,1,339.3,2,165,4,412
16546,Others,25,2,787.15,3,291,3,323
16549,Champions,981,5,4154.639999999994,5,11,5,555
16550,Champions,251,5,2298.9699999999984,5,109,5,555
16551,Loyal Customers,32,3,922.12,3,162,4,433
16552,Others,17,2,379.72999999999996,2,36,2,222
16553,Others,84,4,5719.819999999999,5,68,1,145
16554,Others,52,3,837.1,3,9,1,133
16555,Potential Loyalist,17,2,285.89,2,110,5,522
16556,Champions,207,5,3313.79,5,106,5,555
16557,Others,11,1,281.84999999999997,2,25,3,312
16558,Others,460,5,8338.490000000013,5,23,3,355
16560,Others,57,3,841.4099999999997,3,27,3,333
16561,Others,31,3,511.12000000000006,3,30,3,333
16563,At Risk,19,2,1077.74,4,54,1,124
16565,Others,3,1,173.7,1,424,2,211
16566,Potential Loyalist,18,2,614.66,3,16,4,423
16567,Loyal Customers,35,3,865.5999999999999,3,162,4,433
16569,Others,5,1,124.2,1,181,4,411
16570,Loyal Customers,126,5,3738.4000000000005,5,16,4,455
16571,Others,87,4,1421.6900000000003,4,27,3,344
16572,Others,57,3,1009.5999999999999,4,33,2,234
16573,Others,42,3,663.6099999999998,3,85,1,133
16574,Others,28,2,451.43999999999977,2,72,1,122
16581,Lost,9,1,105.84,1,65,1,111
16582,Others,6,1,313.61999999999995,2,114,5,512
16583,Others,14,2,233.45000000000002,1,697,1,121
16584,Others,28,2,936.0799999999999,3,81,1,123
16586,Others,8,1,463.95,2,220,3,312
16587,Others,13,1,225.14999999999995,1,233,3,311
16589,Others,33,3,459.2399999999999,2,72,1,132
16591,Others,10,1,213.5,1,303,2,211
16592,Champions,216,5,4113.679999999999,5,13,5,555
16593,Others,27,2,330.0299999999999,2,51,2,222
16594,Others,53,3,181.08999999999997,1,76,1,131
16595,Others,85,4,360.1600000000003,2,91,1,142
16596,Others,12,1,250.15,2,16,4,412
16597,Others,7,1,90.04000000000002,1,212,4,411
16598,Others,10,1,145.05,1,286,3,311
16600,Loyal Customers,62,4,813.5200000000001,3,17,4,443
16601,Others,31,3,244.79999999999995,1,41,2,231
16602,Others,29,3,528.0799999999999,3,274,3,333
16603,Others,34,3,482.47,2,75,1,132
16607,Champions,172,5,3347.7100000000014,5,0,5,555
16609,Others,276,5,5493.460000000006,5,3,3,355
16610,Others,6,1,75.66,1,249,3,311
16611,Others,10,1,129.49,1,187,4,411
16612,Loyal Customers,66,4,1187.6599999999999,4,2,4,444
16613,Others,30,3,618.59,3,71,1,133
16614,Others,26,2,506.18999999999994,3,65,1,123
16616,Loyal Customers,33,3,500.42000000000013,3,16,4,433
16617,Others,5,1,151.85000000000002,1,236,3,311
16618,Loyal Customers,96,4,2647.5900000000015,5,121,5,545
16619,Others,14,2,226.21,1,264,3,321
16620,Others,9,1,178.96000000000004,1,181,4,411
16621,Others,29,3,813.4800000000002,3,52,2,233
16623,Others,5,1,129.45,1,128,5,511
16624,Others,48,3,810.5699999999999,3,81,1,133
16625,Others,23,2,333.08000000000004,2,68,1,122
16626,Others,179,5,4413.100000000002,5,23,3,355
16627,Others,20,2,322.8,2,80,1,122
16628,Others,117,4,2188.0499999999997,5,60,1,145
16629,Others,64,4,417.72999999999985,2,74,1,142
16633,Others,152,5,2883.1000000000004,5,4,2,255
16634,Others,9,1,217.9,1,339,2,211
16637,Others,69,4,1154.4700000000003,4,61,1,144
16638,Others,94,4,1680.7199999999998,4,23,3,344
16639,Loyal Customers,50,3,1257.5099999999998,4,121,5,534
16641,Others,12,1,231.10000000000002,1,106,5,511
16642,Loyal Customers,34,3,688.33,3,208,4,433
16643,Potential Loyalist,27,2,487.51,2,128,5,522
16644,Others,62,4,833.7799999999996,3,35,2,243
16647,Potential Loyalist,14,2,214.06,1,170,4,421
16648,Others,19,2,290.65999999999997,2,43,2,222
16650,Others,24,2,518.4200000000001,3,72,1,123
16652,Loyal Customers,118,4,6773.970000000001,5,0,5,545
16653,Loyal Customers,69,4,1212.6600000000005,4,17,4,444
16654,Loyal Customers,29,3,601.2699999999999,3,142,5,533
16655,Others,261,5,3794.519999999997,5,9,1,155
16656,Others,73,4,8625.800000000001,5,3,3,345
16657,Loyal Customers,208,5,933.6199999999995,3,10,5,553
16658,Lost,8,1,123.24,1,546,1,111
16659,Others,2,1,39.12,1,279,3,311
16660,Potential Loyalist,16,2,1267.6499999999999,4,17,4,424
16665,Others,9,1,135.4,1,363,2,211
16666,Loyal Customers,32,3,118.98,1,20,4,431
16667,Others,53,3,570.1299999999998,3,285,3,333
16668,Potential Loyalist,20,2,306.71999999999997,2,16,4,422
16669,Others,160,5,1374.8700000000003,4,24,3,354
16670,Loyal Customers,252,5,4095.9000000000024,5,17,4,455
16671,Others,6,1,1692.27,4,29,3,314
16672,Others,114,4,8134.94,5,6,1,145
16674,Others,98,4,319.61000000000007,2,55,1,142
16676,Others,89,4,1592.12,4,66,1,144
16678,Loyal Customers,163,5,3109.990000000001,5,2,4,455
16679,Others,3,1,129.75,1,485,2,211
16680,Others,10,1,183.70000000000002,1,44,2,211
16681,Others,44,3,1770.3400000000004,4,73,1,134
16682,Others,30,3,1027.9999999999998,4,58,1,134
16684,Champions,277,5,66653.56,5,12,5,555
16685,Others,62,4,324.24,2,91,1,142
16686,Others,585,5,3062.8299999999986,5,48,2,255
16688,Loyal Customers,62,4,1260.8600000000001,4,11,5,544
16689,Lost,13,1,422.59999999999997,2,76,1,112
16690,Lost,12,1,225.57999999999996,1,73,1,111
16692,Others,3,1,1276,4,257,3,314
16693,Others,60,4,482.0099999999998,2,272,3,342
16696,Lost,10,1,657.9,3,66,1,113
16697,Others,21,2,112.75000000000001,1,6,1,121
16698,Others,5,1,1998,4,227,3,314
16700,Others,308,5,5076.550000000002,5,3,3,355
16701,Others,144,5,5398.300000000002,5,9,1,155
16705,Others,270,5,14034.989999999989,5,6,1,155
16706,Loyal Customers,123,5,531.35,3,115,5,553
16708,Others,27,2,656.6300000000001,3,46,2,223
16709,Others,79,4,3029.870000000001,5,85,1,145
16710,Loyal Customers,402,5,2483.04,5,20,4,455
16711,Others,22,2,1651.0299999999995,4,27,3,324
16712,Champions,447,5,3645.4299999999957,5,10,5,555
16713,Others,624,5,6923.130000000008,5,6,1,155
16714,Others,93,4,1161.5299999999993,4,219,3,344
16715,Others,19,2,301.71999999999997,2,79,1,122
16716,Others,2,1,901.2,3,267,3,313
16717,Others,199,5,3858.379999999999,5,24,3,355
16718,Others,45,3,623.7500000000002,3,577,1,133
16719,Champions,201,5,1790.4200000000008,4,15,5,554
16720,Others,27,2,155.23999999999998,1,27,3,321
16721,Others,37,3,292.46999999999997,2,263,3,332
16722,Loyal Customers,225,5,4730.81,5,18,4,455
16723,Others,43,3,589.15,3,92,1,133
16725,Others,151,5,781.0200000000003,3,69,1,153
16726,Others,185,5,1382.0200000000013,4,27,3,354
16727,Others,46,3,272.81999999999994,2,424,2,232
16728,Others,269,5,1054.6699999999996,4,47,2,254
16729,Others,660,5,7239.919999999984,5,6,1,155
16730,Others,82,4,743.11,3,53,2,243
16732,Potential Loyalist,28,2,603.7499999999998,3,121,5,523
16734,Others,53,3,650.51,3,53,2,233
16735,Others,125,5,2300.559999999999,5,79,1,155
16737,Lost,1,1,417.59999999999997,2,54,1,112
16738,Others,1,1,3.75,1,298,3,311
16739,Others,13,1,323.00000000000006,2,177,4,412
16742,Others,1,1,464.9,2,47,2,212
16743,Others,191,5,2238.0900000000006,5,5,2,255
16744,Champions,242,5,1304.7599999999993,4,12,5,554
16745,Loyal Customers,357,5,7194.300000000006,5,2,4,455
16746,Loyal Customers,449,5,6697.660000000009,5,2,4,455
16747,Others,42,3,836.0600000000001,3,275,3,333
16748,Loyal Customers,69,4,1515.8999999999992,4,18,4,444
16750,Others,95,4,623.93,3,45,2,243
16751,At Risk,25,2,1764.7199999999998,4,90,1,124
16752,Lost,9,1,207.5,1,666,1,111
16753,Loyal Customers,34,3,223.92,1,0,5,531
16754,At Risk,2,1,2002.4,4,666,1,114
16755,Champions,170,5,1496.8300000000004,4,115,5,554
16756,Lost,13,1,239.4,1,96,1,111
16757,Others,7,1,106.83,1,319,2,211
16758,Potential Loyalist,22,2,369.34,2,214,4,422
16759,Others,42,3,789.79,3,90,1,133
16761,Others,13,1,316.61999999999995,2,245,3,312
16762,Loyal Customers,89,4,1501.3799999999997,4,20,4,444
16763,Potential Loyalist,23,2,611.8500000000001,3,199,4,423
16764,Champions,706,5,2799.250000000002,5,10,5,555
16765,Others,1,1,34,1,295,3,311
16766,Others,34,3,1145.6,4,37,2,234
16767,Others,222,5,5580.599999999999,5,65,1,155
16768,Others,54,3,478.08999999999986,2,48,2,232
16769,Others,40,3,380.3899999999999,2,261,3,332
16770,Others,145,5,770.1000000000006,3,58,1,153
16771,Others,255,5,2246.8100000000013,5,76,1,155
16773,Others,26,2,171.59,1,58,1,121
16774,Loyal Customers,48,3,661.5200000000001,3,117,5,533
16775,Champions,158,5,1695.660000000002,4,11,5,554
16776,Others,76,4,388.2799999999999,2,61,1,142
16777,Others,50,3,226.35000000000005,1,81,1,131
16778,Others,16,2,245.94,1,68,1,121
16779,Others,333,5,10629.719999999988,5,9,1,155
16780,Loyal Customers,60,4,425.18999999999994,2,101,5,542
16781,Others,17,2,311.24999999999994,2,666,1,122
16782,Champions,190,5,2279.9,5,11,5,555
16784,Others,3,1,107.6,1,20,4,411
16788,Loyal Customers,155,5,597.4799999999999,3,124,5,553
16789,Others,5,1,80.8,1,332,2,211
16790,Loyal Customers,93,4,1545.6199999999997,4,17,4,444
16791,Others,320,5,1721.7800000000022,4,39,2,254
16792,Others,12,1,110.38000000000001,1,310,2,211
16793,Others,16,2,243.83999999999997,1,58,1,121
16794,Others,285,5,1222.7100000000012,4,4,2,254
16795,Others,66,4,414.88000000000005,2,454,2,242
16796,Others,18,2,305.62,2,31,2,222
16800,Champions,164,5,1201.4900000000002,4,12,5,554
16801,Others,76,4,1619.7300000000002,4,37,2,244
16803,Potential Loyalist,24,2,332.29999999999995,2,214,4,422
16804,Others,60,4,536.99,3,24,3,343
16805,Loyal Customers,98,4,460.58999999999986,2,174,4,442
16806,Loyal Customers,103,4,801.4899999999996,3,104,5,543
16807,Loyal Customers,67,4,1121.59,4,127,5,544
16808,Others,23,2,288.42,2,68,1,122
16809,Others,149,5,914.69,3,24,3,353
16810,Potential Loyalist,15,2,309.53999999999996,2,193,4,422
16811,Potential Loyalist,28,2,547.0699999999999,3,18,4,423
16812,Others,15,2,479.3500000000001,2,361,2,222
16813,Others,449,5,1692.9799999999998,4,51,2,254
16814,Others,324,5,6509.100000000003,5,6,1,155
16816,Potential Loyalist,28,2,417.06000000000006,2,104,5,522
16817,Others,86,4,1604.7500000000005,4,37,2,244
16818,Champions,189,5,3349.57,5,11,5,555
16820,Potential Loyalist,26,2,497.61000000000007,3,215,4,423
16823,Others,38,3,358.37999999999994,2,228,3,332
16824,Potential Loyalist,26,2,460.64,2,16,4,422
16825,Potential Loyalist,28,2,775.1800000000001,3,157,4,423
16826,Others,22,2,341.70000000000005,2,52,2,222
16828,Others,8,1,128.5,1,113,5,511
16829,Others,11,1,197.22,1,186,4,411
16830,Others,23,2,325.90999999999997,2,333,2,222
16832,Others,12,1,199.15000000000003,1,126,5,511
16833,Loyal Customers,47,3,1106.5299999999997,4,100,5,534
16834,Others,24,2,413.46000000000004,2,228,3,322
16835,Others,10,1,180.85000000000002,1,277,3,311
16836,Others,11,1,251.87,2,40,2,212
16837,Others,165,5,3170.9800000000014,5,30,3,355
16838,Potential Loyalist,25,2,588.8500000000001,3,198,4,423
16839,Champions,266,5,16594.34999999998,5,1,5,555
16841,Others,116,4,1869.8200000000004,4,66,1,144
16842,Others,63,4,1264.1899999999998,4,69,1,144
16843,Others,378,5,10196.570000000007,5,6,1,155
16846,Others,11,1,214.32000000000002,1,51,2,211
16847,Others,12,1,193.44,1,44,2,211
16848,Others,14,2,281.42,2,53,2,222
16849,Others,8,1,124.57,1,187,4,411
16850,Others,19,2,332.40999999999997,2,70,1,122
16851,Others,20,2,342.45,2,43,2,222
16852,Others,9,1,144.91,1,11,5,511
16855,Others,19,2,328.4,2,24,3,322
16856,Others,2,1,35.400000000000006,1,15,5,511
16858,Lost,10,1,375.69000000000005,2,546,1,112
16859,Loyal Customers,52,3,747.81,3,145,5,533
16861,Others,6,1,173.76,1,30,3,311
16863,Potential Loyalist,26,2,502.8,3,121,5,523
16866,Lost,11,1,207.73999999999998,1,64,1,111
16869,Others,128,5,825.4199999999997,3,23,3,353
16871,Others,137,5,2812.3399999999997,5,23,3,355
16872,Lost,7,1,680.02,3,78,1,113
16873,Others,279,5,7123.619999999998,5,91,1,155
16875,Loyal Customers,112,4,2095.53,5,145,5,545
16877,Loyal Customers,159,5,853.7199999999998,3,13,5,553
16878,Lost,3,1,13.3,1,85,1,111
16880,Others,178,5,1519.0800000000004,4,64,1,154
16881,Others,1,1,432,2,244,3,312
16882,Others,39,3,705.1199999999998,3,240,3,333
16883,Others,38,3,276.72999999999996,2,218,3,332
16884,Others,26,2,429.84,2,302,2,222
16885,Loyal Customers,101,4,471.50999999999965,2,16,4,442
16887,Others,37,3,194.88,1,243,3,331
16889,Others,135,5,1578.6700000000005,4,67,1,154
16891,Loyal Customers,203,5,809.7000000000002,3,120,5,553
16892,Loyal Customers,99,4,525.5399999999997,3,16,4,443
16893,Others,45,3,145.93000000000004,1,485,2,231
16895,Loyal Customers,69,4,219.13999999999996,1,183,4,441
16897,Others,37,3,289.7800000000001,2,300,2,232
16898,Others,162,5,508.8099999999997,3,27,3,353
16899,Loyal Customers,125,5,1281.5599999999997,4,20,4,454
16900,Loyal Customers,79,4,887.1100000000005,3,17,4,443
16902,Loyal Customers,44,3,1706.88,4,117,5,534
16903,Others,60,4,373.24,2,60,1,142
16904,Others,710,5,3754.2699999999986,5,60,1,155
16905,Loyal Customers,208,5,3102.4300000000003,5,20,4,455
16906,Others,93,4,579.7700000000002,3,82,1,143
16907,Others,151,5,981.6500000000001,4,60,1,154
16909,Others,18,2,379.14000000000004,2,73,1,122
16910,Champions,547,5,1510.060000000002,4,10,5,554
16912,Others,101,4,2575.380000000001,5,29,3,345
16913,Others,8,1,113.44000000000001,1,291,3,311
16914,Others,38,3,208.45999999999995,1,274,3,331
16915,Loyal Customers,57,3,621.6800000000001,3,10,5,533
16916,Others,143,5,576.2600000000003,3,24,3,353
16917,Others,9,1,391.5200000000001,2,129,5,512
16918,Others,128,5,1068.8199999999997,4,50,2,254
16919,Others,327,5,2596.4499999999994,5,6,1,155
16921,Others,60,4,169.79000000000005,1,91,1,141
16923,Champions,672,5,7247.60999999998,5,13,5,555
16924,Others,83,4,846.7499999999998,3,22,3,343
16926,Others,14,2,230.25000000000003,1,638,1,121
16927,Others,6,1,543.0500000000001,3,116,5,513
16928,Others,209,5,2847.599999999998,5,32,2,255
16929,Loyal Customers,77,4,1295.3900000000006,4,18,4,444
16930,Others,54,3,380.55000000000007,2,27,3,332
16931,Loyal Customers,898,5,4604.2199999999875,5,20,4,455
16932,Others,53,3,161.94,1,54,1,131
16933,Loyal Customers,44,3,563.2299999999998,3,120,5,533
16934,Others,62,4,950.93,4,55,1,144
16936,Others,57,3,262.68,2,26,3,332
16938,Others,241,5,2736.3800000000015,5,4,2,255
16940,Others,305,5,3049.880000000001,5,53,2,255
16942,Champions,281,5,1920.5900000000017,4,13,5,554
16943,Others,33,3,816.7299999999999,3,5,2,233
16945,Champions,249,5,4345.500000000007,5,0,5,555
16947,Others,21,2,406.48000000000013,2,236,3,322
16948,Potential Loyalist,19,2,435.02,2,139,5,522
16949,Others,60,4,1286.27,4,41,2,244
16950,Others,42,3,1178.56,4,57,1,134
16951,Loyal Customers,86,4,1277.7500000000014,4,130,5,544
16952,Potential Loyalist,16,2,167.61,1,110,5,521
16953,Lost,1,1,20.8,1,90,1,111
16954,Loyal Customers,54,3,2085.0800000000004,5,17,4,435
16955,Potential Loyalist,25,2,518.67,3,126,5,523
16956,Potential Loyalist,16,2,308.74,2,18,4,422
16957,Others,16,2,416.64,2,240,3,322
16959,Lost,7,1,117.35000000000001,1,88,1,111
16960,Others,101,4,507.04999999999995,3,61,1,143
16961,Potential Loyalist,14,2,234.17,1,117,5,521
16963,Others,7,1,110.55000000000001,1,218,3,311
16965,Others,26,2,201.19,1,227,3,321
16966,Potential Loyalist,28,2,2154.9700000000003,5,16,4,425
16967,Others,21,2,319.0199999999999,2,279,3,322
16968,Loyal Customers,31,3,439.4300000000001,2,108,5,532
16969,Others,42,3,650.4100000000002,3,40,2,233
16971,Others,41,3,357.20999999999987,2,333,2,232
16976,Others,2,1,251.51999999999998,2,268,3,312
16978,Others,39,3,344.33,2,78,1,132
16979,Loyal Customers,89,4,1852.0000000000005,4,18,4,444
16980,Others,87,4,1078.9600000000005,4,256,3,344
16982,Others,22,2,384.06,2,61,1,122
16983,Others,148,5,1931.2499999999998,4,4,2,254
16984,Champions,407,5,4481.349999999996,5,1,5,555
16985,Loyal Customers,120,4,5464.120000000001,5,1,5,545
16986,At Risk,3,1,1873.2,4,60,1,114
16987,Others,129,5,1625.0500000000004,4,43,2,254
16988,Others,7,1,126.12,1,242,3,311
16989,Others,12,1,1133.25,4,3,3,314
16990,Others,1,1,179,1,219,3,311
16992,Loyal Customers,93,4,1614.31,4,11,5,544
16996,Others,37,3,1456.96,4,63,1,134
16997,Others,12,1,702,3,283,3,313
16998,Others,4,1,295,2,130,5,512
16999,Others,23,2,484.82000000000005,2,24,3,322
17001,Others,169,5,3989.5700000000006,5,23,3,355
17002,Others,49,3,1493.73,4,86,1,134
17004,Others,44,3,1412.9399999999996,4,47,2,234
17006,Loyal Customers,44,3,781.7800000000001,3,19,4,433
17007,Others,52,3,889.9300000000001,3,51,2,233
17010,Others,11,1,195.36,1,19,4,411
17011,Others,15,2,270.90000000000003,2,90,1,122
17014,Loyal Customers,74,4,586.3299999999998,3,152,4,443
17015,Others,217,5,1842.5599999999995,4,29,3,354
17017,Champions,252,5,8694.26,5,10,5,555
17018,Others,16,2,920.0999999999998,3,41,2,223
17019,Champions,234,5,1272.6100000000013,4,12,5,554
17022,Others,7,1,71,1,121,5,511
17024,Others,3,1,95.85,1,46,2,211
17025,Lost,9,1,357.77,2,61,1,112
17026,Others,4,1,154.82999999999998,1,157,4,411
17027,Others,153,5,890.2899999999997,3,79,1,153
17029,Others,2,1,716,3,111,5,513
17030,Others,11,1,146.87,1,153,4,411
17031,Potential Loyalist,22,2,380.35,2,12,5,522
17033,At Risk,28,2,1030.1399999999999,4,87,1,124
17034,Loyal Customers,30,3,745.5200000000001,3,17,4,433
17035,Potential Loyalist,28,2,433.53,2,128,5,522
17037,Others,75,4,1267.3199999999997,4,88,1,144
17038,Others,22,2,112.40000000000003,1,90,1,121
17040,Potential Loyalist,15,2,449.7299999999999,2,138,5,522
17041,Others,70,4,1081.5700000000002,4,27,3,344
17042,Others,98,4,1044.3800000000003,4,63,1,144
17043,Others,102,4,1735.1799999999998,4,52,2,244
17044,Others,6,1,948.48,4,26,3,314
17045,Potential Loyalist,22,2,339.44,2,114,5,522
17046,Others,22,2,642.0199999999999,3,217,3,323
17047,Others,65,4,1100.9,4,86,1,144
17048,Others,43,3,925.3499999999999,3,9,1,133
17049,Others,318,5,5659.980000000006,5,22,3,355
17050,Loyal Customers,316,5,3228.8399999999992,5,190,4,455
17051,Loyal Customers,43,3,247.14,1,195,4,431
17052,Others,92,4,413.75000000000006,2,29,3,342
17053,Others,13,1,498.47999999999996,3,336,2,213
17054,Others,83,4,1356.3300000000004,4,29,3,344
17058,Others,62,4,1179.8899999999999,4,82,1,144
17059,Others,516,5,3095.0399999999995,5,60,1,155
17060,Others,5,1,234.24,1,267,3,311
17061,Others,99,4,5232.23,5,74,1,145
17062,Others,70,4,538.37,3,314,2,243
17063,Others,78,4,1461.1399999999996,4,22,3,344
17064,Loyal Customers,62,4,859.3500000000003,3,0,5,543
17068,Champions,296,5,4552.140000000004,5,13,5,555
17069,Others,143,5,2709.7000000000007,5,29,3,355
17070,Loyal Customers,64,4,312.13999999999993,2,115,5,542
17071,Champions,140,5,2429.0300000000007,5,1,5,555
17073,Loyal Customers,174,5,1446.09,4,18,4,454
17075,Loyal Customers,77,4,834.1200000000002,3,18,4,443
17076,Others,25,2,841.08,3,37,2,223
17078,Others,28,2,378.2000000000001,2,274,3,322
17079,Lost,2,1,118.80000000000001,1,79,1,111
17080,Others,8,1,287.62,2,23,3,312
17081,Others,64,4,290.1600000000001,2,26,3,342
17082,Loyal Customers,81,4,2003.8500000000008,4,182,4,444
17083,Others,52,3,1405.7799999999995,4,99,1,134
17084,Others,162,5,2949.7500000000014,5,243,3,355
17085,Champions,187,5,1566.65,4,124,5,554
17086,Others,96,4,2050.079999999999,4,25,3,344
17088,Others,115,4,1991.009999999999,4,29,3,344
17090,Loyal Customers,63,4,2043.950000000001,4,1,5,544
17091,Champions,195,5,3827.760000000002,5,121,5,555
17092,Others,125,5,1777.7800000000007,4,51,2,254
17094,Others,14,2,301.99999999999994,2,323,2,222
17095,Others,74,4,1324.159999999999,4,23,3,344
17096,Loyal Customers,48,3,1022.1300000000003,4,0,5,534
17097,Champions,211,5,954.4199999999997,4,11,5,554
17100,Loyal Customers,65,4,971.74,4,19,4,444
17101,Loyal Customers,42,3,1621.7299999999998,4,11,5,534
17102,Others,1,1,25.5,1,262,3,311
17105,Loyal Customers,90,4,665.7800000000004,3,191,4,443
17107,Others,418,5,10815.429999999995,5,76,1,155
17109,Others,117,4,885.04,3,45,2,243
17110,Others,12,1,163.29999999999998,1,166,4,411
17111,Others,30,3,248.60999999999999,1,48,2,231
17114,Loyal Customers,127,5,808.6199999999997,3,100,5,553
17115,Others,39,3,837.4999999999999,3,65,1,133
17117,Others,9,1,116.19999999999997,1,289,3,311
17118,Others,10,1,157.02,1,318,2,211
17119,Others,35,3,606.91,3,30,3,333
17120,Others,18,2,307.46,2,234,3,322
17122,Others,7,1,138.32,1,2,4,411
17123,Others,9,1,345.29999999999995,2,337,2,212
17124,Loyal Customers,32,3,298.89000000000004,2,157,4,432
17125,Others,40,3,259.34999999999997,2,51,2,232
17126,Others,260,5,1004.7499999999999,4,64,1,154
17128,Potential Loyalist,14,2,157.09,1,100,5,521
17131,Others,134,5,2463.170000000001,5,48,2,255
17133,Potential Loyalist,27,2,4892.240000000001,5,16,4,425
17134,Potential Loyalist,24,2,424.99999999999994,2,107,5,522
17135,Loyal Customers,52,3,1139.7299999999998,4,17,4,434
17138,Others,24,2,380.5,2,98,1,122
17139,Champions,478,5,10668.469999999988,5,1,5,555
17140,Potential Loyalist,20,2,465.32,2,189,4,422
17142,Others,15,2,579,3,240,3,323
17144,Others,48,3,984.5699999999998,4,85,1,134
17146,Loyal Customers,35,3,749.78,3,106,5,533
17147,Others,81,4,1714.5900000000001,4,23,3,344
17148,Others,9,1,124.88,1,52,2,211
17152,Potential Loyalist,14,2,1689.5,4,195,4,424
17153,Others,14,2,213.77999999999997,1,25,3,321
17154,Others,23,2,329.34000000000003,2,76,1,122
17155,Potential Loyalist,20,2,251.69999999999996,2,18,4,422
17157,Others,13,1,319,2,177,4,412
17158,Loyal Customers,67,4,1266.9699999999993,4,152,4,444
17159,Others,101,4,1538.88,4,22,3,344
17160,Others,229,5,3518.0299999999993,5,6,1,155
17162,Others,104,4,1715.4599999999996,4,29,3,344
17163,Others,5,1,293.1,2,22,3,312
17164,Others,144,5,2467.350000000001,5,33,2,255
17165,Others,10,1,158.68,1,285,3,311
17166,Others,12,1,206.33999999999997,1,204,4,411
17169,Others,54,3,835.7800000000004,3,58,1,133
17171,Others,16,2,224.90999999999997,1,290,3,321
17172,Others,15,2,317.76,2,79,1,122
17173,Loyal Customers,86,4,3766.5999999999985,5,0,5,545
17174,Others,4,1,59.9,1,188,4,411
17175,Others,63,4,1443.6900000000003,4,4,2,244
17176,Potential Loyalist,15,2,306.13,2,202,4,422
17179,Loyal Customers,80,4,711.79,3,179,4,443
17180,Others,128,5,796.0300000000002,3,6,1,153
17181,Others,23,2,239.91999999999996,1,58,1,121
17183,Others,73,4,3347.309999999999,5,23,3,345
17186,Others,2,1,144,1,47,2,211
17187,Others,10,1,203.95,1,227,3,311
17188,Loyal Customers,84,4,2474.23,5,12,5,545
17189,Loyal Customers,61,4,384.3999999999999,2,107,5,542
17190,Potential Loyalist,19,2,444.74,2,0,5,522
17191,Others,237,5,2095.1300000000015,5,29,3,355
17193,Loyal Customers,32,3,1699.3000000000004,4,0,5,534
17194,Others,29,3,262.62,2,37,2,232
17197,Others,29,3,1013.01,4,60,1,134
17198,Others,96,4,692.2200000000001,3,24,3,343
17201,Others,40,3,342.63,2,54,1,132
17203,Others,152,5,3563.8499999999995,5,53,2,255
17204,Others,57,3,1564.5600000000002,4,6,1,134
17205,Lost,13,1,384.08,2,54,1,112
17206,Lost,7,1,204.24,1,54,1,111
17211,Others,211,5,2317.220000000001,5,4,2,255
17212,Others,4,1,226.85,1,254,3,311
17213,Others,157,5,2781.2299999999977,5,41,2,255
17214,Others,103,4,1069.12,4,61,1,144
17217,Others,9,1,113.5,1,235,3,311
17218,Champions,274,5,1960.7200000000003,4,12,5,554
17219,Potential Loyalist,25,2,114.23,1,121,5,521
17220,Others,472,5,3198.2500000000027,5,25,3,355
17221,Others,63,4,335.13,2,274,3,342
17222,Potential Loyalist,28,2,354.15,2,214,4,422
17223,Others,49,3,426.78999999999985,2,311,2,232
17226,Others,21,2,393.48999999999995,2,252,3,322
17227,Loyal Customers,47,3,939.32,3,19,4,433
17228,Loyal Customers,208,5,1906.0900000000015,4,16,4,454
17229,Loyal Customers,47,3,318.76000000000005,2,143,5,532
17230,Others,69,4,3638.4100000000003,5,265,3,345
17231,Champions,541,5,3174.3200000000024,5,13,5,555
17232,Loyal Customers,36,3,421.5200000000001,2,15,5,532
17233,Others,25,2,190.88,1,243,3,321
17234,Others,14,2,149.89,1,65,1,121
17235,Others,29,3,550.0600000000001,3,26,3,333
17236,Loyal Customers,105,4,916.1300000000002,3,13,5,543
17237,Potential Loyalist,19,2,314.69,2,12,5,522
17238,Loyal Customers,566,5,3744.65,5,18,4,455
17239,Others,15,2,382.50000000000006,2,313,2,222
17242,Others,40,3,1135.0399999999997,4,4,2,234
17243,Champions,400,5,8676.849999999997,5,15,5,555
17244,Others,31,3,954.8999999999997,4,54,1,134
17245,Others,9,1,171.45,1,205,4,411
17247,Loyal Customers,55,3,282.18999999999994,2,16,4,432
17248,Others,69,4,318.65000000000003,2,32,2,242
17250,Loyal Customers,57,3,384.52,2,181,4,432
17251,Others,39,3,283.28,2,363,2,232
17252,Loyal Customers,87,4,353.8599999999999,2,117,5,542
17253,Potential Loyalist,18,2,178.26,1,19,4,421
17254,Loyal Customers,112,4,272.44000000000005,2,16,4,442
17255,Others,78,4,298.40999999999997,2,41,2,242
17256,Potential Loyalist,16,2,239.99999999999997,1,108,5,521
17259,Loyal Customers,124,5,603.3699999999998,3,149,5,553
17262,At Risk,12,1,1253.3600000000001,4,53,2,214
17263,Potential Loyalist,23,2,63.440000000000005,1,209,4,421
17265,Others,127,5,562.8999999999997,3,4,2,253
17266,Loyal Customers,80,4,310.63999999999993,2,148,5,542
17267,Others,38,3,317.61999999999995,2,246,3,332
17268,Others,6,1,763.64,3,3,3,313
17272,Others,114,4,2148.6299999999997,5,43,2,245
17274,Others,27,2,111.98000000000002,1,243,3,321
17277,Others,69,4,1065.3500000000001,4,228,3,344
17278,Others,15,2,246.04000000000008,1,6,1,121
17279,Lost,9,1,187.82999999999998,1,58,1,111
17282,Loyal Customers,94,4,1703.4100000000003,4,174,4,444
17284,Others,292,5,1652.580000000002,4,32,2,254
17286,Others,45,3,153.92000000000004,1,22,3,331
17287,Others,124,5,1064.1100000000001,4,27,3,354
17288,Champions,142,5,1419.7300000000012,4,10,5,554
17289,Others,111,4,944.4100000000004,4,4,2,244
17290,Loyal Customers,102,4,525.2399999999998,3,17,4,443
17291,Others,1,1,550.8000000000001,3,252,3,313
17293,Champions,135,5,1875.1100000000006,4,0,5,554
17295,Others,69,4,556.9499999999997,3,29,3,343
17297,Loyal Customers,51,3,131.78000000000006,1,18,4,431
17298,Loyal Customers,30,3,498.42,3,102,5,533
17299,Loyal Customers,57,3,669.1100000000001,3,12,5,533
17301,Others,66,4,197.6300000000001,1,22,3,341
17302,Loyal Customers,79,4,1135.6299999999999,4,15,5,544
17303,Others,53,3,250.03999999999994,1,362,2,231
17306,Loyal Customers,66,4,8631.310000000003,5,11,5,545
17309,Others,12,1,82.75,1,215,4,411
17311,Others,55,3,1384.8500000000001,4,79,1,134
17312,Potential Loyalist,14,2,644.3,3,139,5,523
17313,Potential Loyalist,24,2,2328.8399999999997,5,121,5,525
17314,Champions,131,5,2527.92,5,0,5,555
17315,Others,473,5,6292.259999999996,5,5,2,255
17317,At Risk,9,1,2600.34,5,31,2,215
17320,Loyal Customers,73,4,1200.6199999999997,4,101,5,544
17321,Others,107,4,700.8599999999999,3,275,3,343
17323,Loyal Customers,200,5,921.0700000000006,3,16,4,453
17324,Others,50,3,990.2300000000002,4,9,1,134
17325,Others,6,1,96.8,1,251,3,311
17329,Loyal Customers,33,3,523.11,3,15,5,533
17330,Others,6,1,363.9,2,23,3,312
17331,Others,1,1,175.2,1,124,5,511
17333,Others,28,2,494.24999999999994,3,86,1,123
17334,Lost,11,1,307.02000000000004,2,69,1,112
17337,Others,543,5,2027.8700000000033,4,5,2,254
17338,Others,753,5,6643.929999999995,5,9,1,155
17339,Others,9,1,243.36,1,184,4,411
17340,Others,407,5,12353.289999999999,5,32,2,255
17341,Loyal Customers,183,5,781.3600000000001,3,186,4,453
17343,Others,17,2,193.63999999999996,1,356,2,221
17344,Others,32,3,160.56999999999994,1,47,2,231
17345,Loyal Customers,87,4,537.74,3,16,4,443
17346,Champions,500,5,2676.559999999999,5,0,5,555
17347,Lost,1,1,228.96,1,87,1,111
17348,Champions,215,5,1159.5200000000011,4,15,5,554
17349,Others,9,1,110.75,1,180,4,411
17350,Others,71,4,1286.0700000000002,4,46,2,244
17351,Others,27,2,587.15,3,37,2,223
17353,Others,8,1,1740,4,125,5,514
17354,At Risk,16,2,1393.06,4,51,2,224
17356,Others,19,2,178.21999999999997,1,342,2,221
17357,Others,45,3,388.1399999999999,2,25,3,332
17358,Others,59,4,365.84999999999985,2,99,1,142
17359,Potential Loyalist,15,2,127.85999999999999,1,12,5,521
17360,Loyal Customers,132,5,585.7900000000002,3,18,4,453
17361,Others,29,3,488.2,2,50,2,232
17362,Others,35,3,312.22999999999996,2,240,3,332
17364,Others,411,5,4481.179999999996,5,9,1,155
17365,Champions,468,5,4801.559999999999,5,13,5,555
17367,Others,34,3,168.4,1,239,3,331
17368,Others,111,4,1912.6700000000008,4,24,3,344
17370,Others,33,3,446.18,2,73,1,132
17371,Loyal Customers,87,4,423.8899999999998,2,18,4,442
17372,Others,253,5,1342.6800000000012,4,41,2,254
17373,Others,57,3,646.9200000000001,3,41,2,233
17374,Others,28,2,495.7699999999999,3,219,3,323
17375,Loyal Customers,69,4,400.09999999999985,2,200,4,442
17376,Others,24,2,203.2,1,71,1,121
17377,Others,418,5,4100.919999999995,5,24,3,355
17379,Loyal Customers,83,4,404.66,2,12,5,542
17381,Loyal Customers,109,4,20275.60999999999,5,2,4,445
17382,Others,2,1,65.4,1,214,4,411
17383,Loyal Customers,51,3,199.29000000000002,1,212,4,431
17384,Potential Loyalist,15,2,336.40000000000003,2,20,4,422
17385,Loyal Customers,47,3,261.11000000000007,2,15,5,532
17386,Potential Loyalist,28,2,2686.42,5,114,5,525
17387,Loyal Customers,78,4,784.11,3,20,4,443
17388,At Risk,15,2,1259.56,4,5,2,224
17389,Others,213,5,31833.680000000015,5,9,1,155
17391,Others,3,1,508.8,3,164,4,413
17392,Loyal Customers,62,4,457.91,2,191,4,442
17394,Others,4,1,203.86999999999995,1,249,3,311
17396,At Risk,27,2,7330.800000000001,5,40,2,225
17397,Others,92,4,696.4099999999999,3,23,3,343
17398,Loyal Customers,38,3,653.3799999999999,3,115,5,533
17400,Loyal Customers,213,5,2129.9600000000023,5,211,4,455
17402,Others,59,4,2633.85,5,51,2,245
17403,Others,33,3,281.62000000000006,2,274,3,332
17404,Others,198,5,31906.819999999992,5,5,2,255
17405,Others,82,4,1031.41,4,3,3,344
17406,Others,113,4,2200.42,5,70,1,145
17408,Others,2,1,32.65,1,164,4,411
17409,Others,13,1,771.8499999999999,3,126,5,513
17410,Loyal Customers,64,4,1214.7199999999996,4,0,5,544
17411,Loyal Customers,41,3,778.9399999999999,3,13,5,533
17412,Others,66,4,1258.0600000000002,4,24,3,344
17414,Others,6,1,778,3,44,2,213
17415,Others,14,2,507.8399999999999,3,80,1,123
17416,Others,269,5,6893.420000000002,5,60,1,155
17418,Others,30,3,463.4600000000001,2,43,2,232
17419,Champions,206,5,4226.57,5,12,5,555
17420,Others,30,3,598.8300000000002,3,51,2,233
17422,Others,117,4,1979.37,4,4,2,244
17423,Others,26,2,698.4100000000003,3,47,2,223
17425,Loyal Customers,43,3,759.1699999999995,3,20,4,433
17426,Others,271,5,5037.259999999998,5,92,1,155
17427,Lost,2,1,100.8,1,72,1,111
17428,Others,328,5,17256.850000000002,5,6,1,155
17429,Loyal Customers,39,3,524.9200000000002,3,157,4,433
17430,Potential Loyalist,14,2,265.76000000000005,2,152,4,422
17431,Others,43,3,403.30000000000007,2,314,2,232
17432,Loyal Customers,48,3,365.76000000000005,2,19,4,432
17433,Loyal Customers,54,3,303.16,2,1,5,532
17434,Champions,134,5,2373.8200000000006,5,10,5,555
17436,Others,9,1,216.3,1,120,5,511
17438,Others,17,2,388.45000000000005,2,254,3,322
17440,Others,5,1,186.42,1,186,4,411
17442,Others,135,5,2248.560000000001,5,63,1,155
17443,Others,1,1,534.24,3,249,3,313
17444,Others,135,5,2940.0400000000013,5,33,2,255
17446,Others,9,1,120.9,1,177,4,411
17447,Others,36,3,541.53,3,41,2,233
17449,Others,277,5,2520.8599999999997,5,46,2,255
17450,Others,337,5,194550.79000000007,5,3,3,355
17451,Loyal Customers,100,4,1721.3999999999999,4,16,4,444
17453,Potential Loyalist,19,2,486.71999999999997,2,18,4,422
17454,Loyal Customers,61,4,517.5300000000002,3,193,4,443
17455,Others,8,1,131.7,1,204,4,411
17456,Others,17,2,249.85999999999999,1,454,2,221
17457,Potential Loyalist,19,2,1737.6999999999998,4,205,4,424
17458,Loyal Customers,54,3,316.49999999999994,2,16,4,432
17459,Others,111,4,657.3,3,44,2,243
17460,Loyal Customers,29,3,622.4299999999998,3,184,4,433
17461,Others,111,4,757.4599999999996,3,23,3,343
17462,Others,27,2,675.6899999999999,3,61,1,123
17463,Loyal Customers,215,5,1896.410000000002,4,17,4,454
17464,Others,9,1,289.96000000000004,2,247,3,312
17466,Loyal Customers,41,3,763.2800000000003,3,11,5,533
17468,Others,5,1,137,1,11,5,511
17469,Loyal Customers,88,4,1870.9699999999996,4,17,4,444
17470,Others,78,4,1125.0700000000002,4,45,2,244
17472,Others,181,5,710.2900000000002,3,289,3,353
17475,Others,14,2,194.36999999999995,1,80,1,121
17480,Others,29,3,511.82,3,78,1,133
17481,Loyal Customers,82,4,1255.5900000000006,4,16,4,444
17483,Others,21,2,414.04,2,95,1,122
17486,Others,24,2,396.87000000000006,2,262,3,322
17489,Loyal Customers,29,3,376.63999999999993,2,0,5,532
17490,Others,76,4,2092.3199999999997,5,74,1,145
17491,Loyal Customers,109,4,3558.8700000000003,5,15,5,545
17492,Others,12,1,374.57,2,220,3,312
17495,Others,27,2,497.56000000000006,3,301,2,223
17496,Others,10,1,271.04999999999995,2,359,2,212
17498,Others,17,2,272.21999999999997,2,76,1,122
17499,Others,40,3,622.88,3,290,3,333
17500,Others,5,1,1138,4,18,4,414
17501,Others,18,2,288.59999999999997,2,280,3,322
17502,Potential Loyalist,28,2,689.0999999999999,3,10,5,523
17503,Loyal Customers,38,3,558.9599999999999,3,151,4,433
17504,Loyal Customers,127,5,2997.0300000000007,5,188,4,455
17505,Loyal Customers,52,3,1145.84,4,206,4,434
17506,Others,14,2,302.2,2,76,1,122
17507,Others,88,4,605.5799999999999,3,262,3,343
17508,Others,22,2,387.31,2,251,3,322
17509,Others,366,5,6115.140000000001,5,58,1,155
17510,Others,20,2,308.48,2,25,3,322
17511,Others,963,5,91062.37999999996,5,6,1,155
17512,Others,105,4,2924.990000000001,5,29,3,345
17513,Lost,6,1,513.2,3,73,1,113
17514,Others,40,3,208.65,1,277,3,331
17515,Loyal Customers,87,4,639.0199999999998,3,121,5,543
17516,Loyal Customers,137,5,768.0800000000002,3,2,4,453
17517,Others,11,1,153.94,1,252,3,311
17519,Loyal Customers,82,4,1844.0200000000002,4,18,4,444
17520,Others,30,3,546.8100000000001,3,54,1,133
17521,Others,45,3,723.2099999999998,3,60,1,133
17522,Others,73,4,1070.71,4,95,1,144
17523,Loyal Customers,33,3,652.7400000000001,3,12,5,533
17524,Others,6,1,145,1,362,2,211
17525,Others,9,1,422.70000000000005,2,360,2,212
17526,Potential Loyalist,19,2,1195.8999999999999,4,212,4,424
17527,Others,47,3,939.37,3,54,1,133
17528,Champions,253,5,3628.5000000000014,5,0,5,555
17530,Loyal Customers,394,5,2385.0000000000023,5,17,4,455
17531,Others,14,2,296.70000000000005,2,307,2,222
17534,Lost,9,1,223.36,1,54,1,111
17535,Others,13,1,164.39999999999998,1,251,3,311
17536,Others,3,1,76.5,1,178,4,411
17537,Others,75,4,897.6200000000003,3,60,1,143
17538,Others,9,1,98.42000000000002,1,26,3,311
17540,Others,25,2,578.9,3,25,3,323
17542,Others,25,2,170.75,1,270,3,321
17545,Others,145,5,645.9599999999999,3,44,2,253
17548,Others,5,1,103.3,1,234,3,311
17549,Others,6,1,148.86,1,24,3,311
17550,Others,42,3,267.16000000000014,2,67,1,132
17551,Others,43,3,306.84,2,360,2,232
17552,Others,49,3,930.41,3,61,1,133
17553,At Risk,2,1,1487.6,4,305,2,214
17554,Loyal Customers,88,4,1952.4499999999998,4,17,4,444
17555,Loyal Customers,106,4,483.25999999999993,2,20,4,442
17556,Others,6,1,157.9,1,206,4,411
17557,Loyal Customers,34,3,541.4599999999999,3,15,5,533
17560,Others,27,2,854.9500000000002,3,69,1,123
17561,Loyal Customers,46,3,167.61999999999998,1,20,4,431
17562,Loyal Customers,63,4,1122.3799999999997,4,15,5,544
17564,Others,49,3,454.0099999999999,2,25,3,332
17566,Others,152,5,901.2100000000007,3,26,3,353
17567,Others,165,5,4331.48,5,58,1,155
17569,Others,29,3,344.13999999999993,2,39,2,232
17571,Others,299,5,1498.5100000000014,4,51,2,254
17572,Lost,12,1,226.75,1,72,1,111
17573,Others,25,2,380.59999999999997,2,60,1,122
17574,Others,8,1,185.64999999999998,1,36,2,211
17576,Others,411,5,3622.679999999998,5,3,3,355
17578,Others,5,1,143.45999999999998,1,219,3,311
17579,Loyal Customers,50,3,448.89999999999986,2,138,5,532
17580,Others,45,3,215.72000000000003,1,313,2,231
17581,Others,440,5,11045.039999999988,5,66,1,155
17582,Others,29,3,175.27,1,237,3,331
17584,Others,35,3,1242.3000000000002,4,246,3,334
17585,Champions,214,5,1133.0700000000004,4,110,5,554
17588,Potential Loyalist,23,2,1240.2000000000003,4,101,5,524
17589,Others,253,5,2404.170000000001,5,33,2,255
17590,Loyal Customers,201,5,1479.22,4,18,4,454
17591,Others,166,5,2225.9700000000007,5,74,1,155
17593,Others,213,5,3927.3399999999997,5,92,1,155
17594,Others,50,3,993.1799999999995,4,86,1,134
17595,Loyal Customers,83,4,388.7900000000001,2,13,5,542
17596,Others,270,5,2827.929999999999,5,24,3,355
17597,Others,55,3,2044.3700000000003,4,66,1,134
17600,Others,13,1,161.67000000000002,1,18,4,411
17601,Others,9,1,116.01,1,240,3,311
17602,Others,560,5,5102.969999999997,5,24,3,355
17603,Lost,11,1,394.72,2,79,1,112
17604,Loyal Customers,63,4,309.36,2,188,4,442
17608,Loyal Customers,59,4,193.42000000000007,1,182,4,441
17609,Others,237,5,1112.2200000000005,4,41,2,254
17611,Others,576,5,3984.2199999999993,5,36,2,255
17612,Others,135,5,2048.4499999999994,4,54,1,154
17613,Others,312,5,4559.15,5,23,3,355
17614,Others,100,4,390.0699999999999,2,58,1,142
17615,Potential Loyalist,14,2,329.6,2,204,4,422
17616,Others,3,1,571.2,3,174,4,413
17618,Others,78,4,971.5800000000002,4,220,3,344
17619,Others,77,4,218.52000000000004,1,313,2,241
17620,Others,4,1,81.44,1,30,3,311
17621,Others,26,2,1379.8999999999999,4,22,3,324
17623,Loyal Customers,33,3,527.05,3,152,4,433
17624,Loyal Customers,50,3,843.4799999999997,3,15,5,533
17625,Loyal Customers,315,5,2047.0000000000011,4,19,4,454
17628,Lost,5,1,75.75000000000001,1,82,1,111
17629,Loyal Customers,123,5,1814.1200000000008,4,19,4,454
17630,Potential Loyalist,26,2,503.59999999999985,3,170,4,423
17631,Loyal Customers,39,3,528.33,3,120,5,533
17633,Others,70,4,1324.8399999999997,4,32,2,244
17634,Others,297,5,2361.9700000000034,5,35,2,255
17636,Potential Loyalist,20,2,285.56,2,20,4,422
17637,Loyal Customers,35,3,547.06,3,116,5,533
17639,Others,7,1,108.5,1,129,5,511
17640,Lost,5,1,621.6600000000001,3,87,1,113
17642,Loyal Customers,40,3,712.2900000000002,3,2,4,433
17643,Lost,8,1,101.55000000000001,1,697,1,111
17644,Others,157,5,2895.6399999999994,5,32,2,255
17646,Others,51,3,1008.3899999999999,4,249,3,334
17647,Others,7,1,133.06,1,214,4,411
17648,Others,91,4,1797.5,4,61,1,144
17649,Loyal Customers,52,3,868.49,3,139,5,533
17650,Others,8,1,166.07999999999998,1,22,3,311
17651,Champions,232,5,3945.000000000001,5,12,5,555
17652,Others,259,5,4867.7199999999975,5,26,3,355
17653,Others,44,3,1207.5600000000002,4,32,2,234
17654,Potential Loyalist,22,2,117.54999999999998,1,160,4,421
17655,Loyal Customers,91,4,2638.9400000000023,5,11,5,545
17656,Loyal Customers,82,4,1674.69,4,1,5,544
17658,Others,19,2,595.42,3,5,2,223
17659,Loyal Customers,158,5,2999.460000000001,5,18,4,455
17660,Loyal Customers,45,3,196,1,142,5,531
17663,Others,86,4,1802.9099999999999,4,26,3,344
17664,Loyal Customers,43,3,604.64,3,19,4,433
17666,Potential Loyalist,18,2,728.1599999999999,3,181,4,423
17667,Others,117,4,2055.5099999999993,4,5,2,244
17668,Potential Loyalist,15,2,347.74999999999994,2,120,5,522
17669,Others,68,4,3406.7200000000003,5,43,2,245
17670,Others,11,1,205.7,1,228,3,311
17671,Others,53,3,1572.7100000000005,4,5,2,234
17672,Others,110,4,3178.17,5,51,2,245
17673,Champions,227,5,1629.1200000000017,4,120,5,554
17674,Others,27,2,551.0400000000001,3,75,1,123
17675,Others,705,5,20374.27999999997,5,3,3,355
17676,Loyal Customers,78,4,1387.6800000000005,4,0,5,544
17677,Others,304,5,16363.229999999998,5,29,3,355
17678,Others,16,2,298.10999999999996,2,264,3,322
17679,Others,30,3,1992.1100000000006,4,53,2,234
17680,Others,11,1,184.39999999999998,1,24,3,311
17682,Loyal Customers,118,4,2474.3300000000004,5,11,5,545
17684,Others,15,2,239.41,1,44,2,221
17685,Champions,130,5,3191.5299999999993,5,1,5,555
17686,Others,286,5,5739.460000000007,5,32,2,255
17690,Others,256,5,4757.950000000001,5,46,2,255
17691,Others,19,2,290.40000000000003,2,359,2,222
17692,Loyal Customers,46,3,740.9399999999999,3,161,4,433
17693,Potential Loyalist,16,2,200.47,1,138,5,521
17694,Potential Loyalist,15,2,283.12000000000006,2,142,5,522
17695,Loyal Customers,35,3,765.34,3,132,5,533
17696,Loyal Customers,115,4,2285.7100000000014,5,109,5,545
17697,Others,19,2,338.95000000000005,2,237,3,322
17698,Others,8,1,154.95000000000002,1,261,3,311
17700,Loyal Customers,142,5,2534.64,5,17,4,455
17701,Others,24,2,417.95000000000005,2,340,2,222
17702,Others,74,4,1824.3700000000001,4,90,1,144
17703,Loyal Customers,55,3,798.7399999999999,3,110,5,533
17704,Loyal Customers,31,3,885.1899999999998,3,169,4,433
17705,Others,103,4,1823.5199999999993,4,38,2,244
17706,Others,382,5,10504.489999999994,5,45,2,255
17707,Others,5,1,152.39999999999998,1,157,4,411
17708,Others,35,3,267.08000000000004,2,218,3,332
17709,Others,7,1,137.45,1,170,4,411
17711,Potential Loyalist,23,2,385.1,2,11,5,522
17712,Others,29,3,522.91,3,45,2,233
17714,Others,10,1,153,1,321,2,211
17715,Others,1,1,326.4,2,201,4,412
17716,Others,245,5,5655.990000000002,5,23,3,355
17718,Others,6,1,139.35,1,233,3,311
17719,Champions,274,5,5396.040000000004,5,1,5,555
17720,Others,50,3,1195.94,4,27,3,334
17722,Others,115,4,2424.039999999999,5,245,3,345
17723,At Risk,10,1,3276.4,5,96,1,115
17724,Others,40,3,1033.0000000000002,4,72,1,134
17725,Loyal Customers,192,5,3439.0800000000004,5,17,4,455
17727,Loyal Customers,66,4,1060.25,4,16,4,444
17728,Others,165,5,2876.010000000001,5,87,1,155
17730,Others,218,5,5298.479999999997,5,29,3,355
17731,Others,67,4,1240.11,4,80,1,144
17732,Others,18,2,303.97,2,666,1,122
17733,Others,35,3,692.1899999999998,3,262,3,333
17734,Others,43,3,700.63,3,54,1,133
17735,Champions,690,5,13110.019999999991,5,109,5,555
17736,Potential Loyalist,25,2,377.4399999999999,2,10,5,522
17737,Others,10,1,168.24,1,0,5,511
17738,Loyal Customers,97,4,1879.0500000000002,4,20,4,444
17739,Loyal Customers,47,3,2791.3500000000004,5,12,5,535
17742,Others,15,2,355.11,2,39,2,222
17744,Others,136,5,2322.3999999999996,5,26,3,355
17746,Others,6,1,110.25000000000001,1,241,3,311
17747,Others,1,1,71.4,1,113,5,511
17749,Loyal Customers,35,3,674.5199999999999,3,179,4,433
17750,Others,193,5,1797.5699999999997,4,57,1,154
17752,Others,1,1,80.64,1,360,2,211
17754,Others,92,4,1772.259999999999,4,89,1,144
17757,Champions,741,5,5605.289999999994,5,15,5,555
17758,Loyal Customers,412,5,3456.7000000000025,5,20,4,455
17759,Loyal Customers,95,4,834.9899999999998,3,18,4,443
17760,Others,25,2,287.59,2,22,3,322
17761,Potential Loyalist,19,2,712.78,3,152,4,423
17763,Others,1,1,15,1,264,3,311
17764,Others,75,4,818.8200000000002,3,5,2,243
17765,Loyal Customers,57,3,371.87999999999994,2,211,4,432
17767,Potential Loyalist,21,2,271.20000000000005,2,16,4,422
17768,Loyal Customers,105,4,2273.1800000000003,5,167,4,445
17769,Champions,310,5,3997.979999999999,5,13,5,555
17770,Others,38,3,1143.2699999999995,4,35,2,234
17771,Others,54,3,245.81,1,57,1,131
17772,Loyal Customers,53,3,182.76999999999998,1,11,5,531
17774,Champions,156,5,1225.4100000000003,4,146,5,554
17775,Others,3,1,56.4,1,255,3,311
17777,Others,194,5,665.86,3,25,3,353
17779,Others,82,4,658.5699999999999,3,22,3,343
17781,Others,12,1,188.01999999999998,1,254,3,311
17783,Others,67,4,283.4699999999997,2,73,1,142
17785,Lost,13,1,131.94000000000003,1,54,1,111
17786,Others,72,4,278.74,2,86,1,142
17787,Others,134,5,1865.1899999999994,4,64,1,154
17788,At Risk,5,1,1117.9,4,74,1,114
17789,Others,14,2,225.9,1,282,3,321
17790,Others,190,5,1965.5500000000013,4,3,3,354
17791,Lost,10,1,106.1,1,60,1,111
17793,Others,58,4,323.03999999999996,2,26,3,342
17795,Loyal Customers,46,3,350.3899999999999,2,180,4,432
17796,Others,82,4,697.9000000000002,3,41,2,243
17797,Others,111,4,780.4300000000003,3,23,3,343
17799,Others,408,5,3055.9299999999967,5,23,3,355
17800,Others,104,4,1199.01,4,37,2,244
17802,Others,140,5,1285.0399999999997,4,4,2,254
17805,Lost,10,1,512.31,3,74,1,113
17806,Loyal Customers,43,3,546.0399999999998,3,12,5,533
17809,Loyal Customers,61,4,5411.910000000001,5,17,4,445
17811,Champions,851,5,7837.72999999999,5,1,5,555
17812,Loyal Customers,141,5,732.1600000000001,3,13,5,553
17813,Champions,371,5,1770.8800000000026,4,15,5,554
17816,Potential Loyalist,17,2,36.55999999999999,1,214,4,421
17817,Loyal Customers,33,3,387.6799999999999,2,160,4,432
17819,Others,48,3,3704.869999999999,5,65,1,135
17824,Others,13,1,298.4,2,52,2,212
17827,Others,220,5,1995.460000000001,4,36,2,254
17828,Others,67,4,1820.0900000000006,4,23,3,344
17829,Others,30,3,889.24,3,299,3,333
17830,Potential Loyalist,23,2,398.7,2,120,5,522
17831,Others,2,1,35.400000000000006,1,182,4,411
17832,Others,61,4,155.3700000000001,1,50,2,241
17835,Loyal Customers,61,4,350.63999999999993,2,10,5,542
17836,Others,24,2,110.21,1,48,2,221
17837,Others,169,5,1593.3800000000008,4,30,3,354
17838,Others,121,4,2779.2999999999997,5,27,3,345
17839,Others,56,3,338.80000000000007,2,43,2,232
17841,Champions,7847,5,40991.57000000008,5,0,5,555
17843,Others,37,3,205.48000000000002,1,99,1,131
17844,Others,5,1,51.56,1,107,5,511
17846,At Risk,1,1,2033.1,4,86,1,114
17848,Others,51,3,901.2000000000003,3,82,1,133
17849,Others,26,2,605.8,3,70,1,123
17850,Others,297,5,5391.210000000009,5,666,1,155
17852,Potential Loyalist,24,2,114.34,1,12,5,521
17854,Potential Loyalist,15,2,311.26,2,157,4,422
17855,Others,17,2,208.96999999999997,1,666,1,121
17856,Potential Loyalist,15,2,1418.0300000000002,4,120,5,524
17857,Loyal Customers,54,3,26879.039999999997,5,18,4,435
17858,Loyal Customers,199,5,5155.659999999998,5,2,4,455
17859,Potential Loyalist,25,2,148.21,1,130,5,521
17860,Others,58,4,252.79999999999998,2,546,1,142
17861,Others,222,5,2100.8,5,25,3,355
17862,Others,11,1,330.9,2,324,2,212
17863,Others,148,5,3159.9999999999995,5,30,3,355
17864,Loyal Customers,102,4,597.5000000000002,3,13,5,543
17865,Champions,370,5,10526.319999999998,5,1,5,555
17866,Others,9,1,329.65,2,143,5,512
17867,Others,79,4,1197.1000000000004,4,90,1,144
17869,Loyal Customers,40,3,428.1799999999999,2,108,5,532
17870,Champions,279,5,1894.3500000000017,4,15,5,554
17871,Others,10,1,155.89999999999998,1,205,4,411
17873,Others,44,3,1859.1600000000005,4,81,1,134
17874,Loyal Customers,46,3,683.4600000000003,3,157,4,433
17877,Others,12,1,237.61,1,171,4,411
17878,Others,26,2,379.45000000000005,2,44,2,222
17879,Others,6,1,178.51999999999998,1,174,4,411
17880,Others,26,2,458.91999999999985,2,424,2,222
17881,Others,8,1,133.35000000000002,1,130,5,511
17883,Loyal Customers,145,5,671.7699999999994,3,15,5,553
17884,Loyal Customers,117,4,717.4499999999994,3,181,4,443
17885,Loyal Customers,64,4,190.18999999999997,1,13,5,541
17886,Loyal Customers,109,4,899.6099999999999,3,121,5,543
17887,Others,10,1,111.35,1,305,2,211
17888,Others,67,4,726.0500000000001,3,22,3,343
17889,Others,21,2,203.87,1,35,2,221
17890,Others,94,4,602.0900000000005,3,323,2,243
17891,Loyal Customers,34,3,203.85999999999993,1,163,4,431
17892,Others,28,2,244.10000000000002,1,57,1,121
17893,Others,16,2,112.25000000000004,1,226,3,321
17894,Others,193,5,1119.8100000000004,4,72,1,154
17895,Others,16,2,97.99999999999997,1,45,2,221
17896,Others,2,1,256.32,2,24,3,312
17897,Loyal Customers,114,4,566.5999999999999,3,173,4,443
17898,Others,28,2,152.06,1,86,1,121
17899,Others,32,3,155.79999999999998,1,278,3,331
17900,Others,6,1,112.19999999999999,1,307,2,211
17901,Others,19,2,110.38000000000001,1,60,1,121
17904,Others,38,3,191.66999999999993,1,22,3,331
17905,Others,34,3,800.24,3,72,1,133
17906,Others,12,1,72.9,1,189,4,411
17908,Others,58,4,243.2799999999999,1,697,1,141
17911,Loyal Customers,39,3,366.23,2,10,5,532
17912,Others,38,3,311.01000000000005,2,311,2,232
17913,Loyal Customers,59,4,411.6,2,0,5,542
17914,Loyal Customers,80,4,336.4299999999999,2,181,4,442
17917,Others,94,4,341.2799999999999,2,46,2,242
17919,Potential Loyalist,23,2,1304.04,4,1,5,524
17920,Champions,696,5,4204.0999999999885,5,12,5,555
17921,Loyal Customers,145,5,826.5200000000003,3,149,5,553
17923,Others,1,1,207.50000000000003,1,310,2,211
17924,Loyal Customers,31,3,2962.5000000000005,5,12,5,535
17925,Lost,1,1,244.08,1,666,1,111
17926,Potential Loyalist,21,2,397.29,2,134,5,522
17928,Others,23,2,212.54000000000005,1,46,2,221
17929,Others,5,1,843,3,12,5,513
17930,Others,39,3,1740.4799999999998,4,72,1,134
17931,Loyal Customers,65,4,408.36,2,135,5,542
17932,Others,90,4,1331.5699999999997,4,5,2,244
17934,Potential Loyalist,21,2,704.25,3,0,5,523
17935,Loyal Customers,29,3,145.79,1,139,5,531
17936,Others,77,4,389.8399999999999,2,242,3,342
17937,Loyal Customers,43,3,4301.22,5,115,5,535
17939,Others,12,1,99.14000000000003,1,278,3,311
17940,At Risk,19,2,4106.4400000000005,5,50,2,225
17941,Others,2,1,304.56,2,336,2,212
17942,Others,2,1,77.50000000000001,1,301,2,211
17946,Others,20,2,149.58,1,234,3,321
17947,Others,9,1,176.68,1,302,2,211
17948,Others,1,1,358.56000000000006,2,148,5,512
17949,Others,70,4,58510.48,5,3,3,345
17950,Others,71,4,482.2,2,73,1,142
17951,At Risk,20,2,1008.5400000000003,4,40,2,224
17954,Champions,485,5,2332.7200000000007,5,124,5,555
17955,Potential Loyalist,19,2,557.3,3,199,4,423
17956,Others,1,1,12.75,1,250,3,311
17957,Others,31,3,111.67999999999998,1,244,3,331
17958,Others,7,1,508.4599999999999,3,117,5,513
17960,Potential Loyalist,26,2,73.78,1,172,4,421
17961,Champions,249,5,1296.4400000000012,4,1,5,554
17962,Loyal Customers,35,3,102.82999999999998,1,143,5,531
17964,Loyal Customers,104,4,471.6999999999999,2,121,5,542
17965,Others,329,5,2622.569999999998,5,9,1,155
17966,Others,68,4,1098.43,4,33,2,244
17967,Others,48,3,123.07000000000002,1,638,1,131
17968,Others,85,4,277.34999999999997,2,697,1,142
17969,Potential Loyalist,14,2,228.2,1,167,4,421
17970,Others,31,3,582.5899999999999,3,5,2,233
17972,Others,31,3,136.04,1,6,1,131
17973,Others,15,2,337.04,2,52,2,222
17974,Others,179,5,740.7899999999995,3,25,3,353
17975,Loyal Customers,296,5,4488.810000000001,5,16,4,455
17976,Others,65,4,353.18999999999994,2,666,1,142
17977,Others,21,2,288.14,2,60,1,122
17978,Others,12,1,300.91999999999996,2,454,2,212
17979,Loyal Customers,146,5,757.71,3,169,4,453
17980,Loyal Customers,30,3,811.4499999999999,3,166,4,433
17984,Loyal Customers,48,3,152.68000000000006,1,146,5,531
17985,Others,23,2,634.9499999999999,3,23,3,323
17986,Lost,1,1,20.8,1,57,1,111
17987,Others,13,1,198.57,1,157,4,411
17988,Loyal Customers,38,3,201.11999999999998,1,12,5,531
17990,Others,29,3,630.84,3,237,3,333
17991,Others,5,1,93.35,1,226,3,311
17994,Others,81,4,678.4900000000001,3,37,2,243
17995,Others,2,1,76.1,1,282,3,311
17997,Others,166,5,1970.6700000000023,4,64,1,154
17999,Others,93,4,382.05999999999995,2,302,2,242
18001,Loyal Customers,58,4,417.23,2,13,5,542
18004,Others,40,3,169.46999999999997,1,363,2,231
18005,Others,60,4,249.71999999999989,1,48,2,241
18006,Others,22,2,444.68,2,24,3,322
18008,Others,30,3,2116.19,5,36,2,235
18009,Others,32,3,257.34000000000003,2,236,3,332
18010,Others,14,2,174.79999999999998,1,257,3,321
18011,Others,28,2,102.79,1,697,1,121
18013,Loyal Customers,31,3,187.29000000000005,1,156,4,431
18014,Others,32,3,166.42000000000002,1,29,3,331
18015,Loyal Customers,46,3,120.03,1,212,4,431
18016,Others,123,5,1483.56,4,75,1,154
18017,Lost,3,1,523,3,82,1,113
18018,Loyal Customers,29,3,122.13999999999996,1,109,5,531
18019,Others,5,1,38.45,1,52,2,211
18022,Others,191,5,668.1100000000002,3,243,3,353
18024,Others,21,2,389.78000000000003,2,64,1,122
18027,Others,21,2,115.30999999999999,1,304,2,221
18030,Others,9,1,230.64999999999995,1,43,2,211
18032,Others,5,1,73.5,1,100,5,511
18033,Loyal Customers,34,3,97.97000000000004,1,214,4,431
18034,Others,112,4,422.8800000000001,2,22,3,342
18035,Others,53,3,730.4000000000001,3,44,2,233
18036,Loyal Customers,96,4,405.6199999999999,2,106,5,542
18037,Potential Loyalist,19,2,70.02,1,125,5,521
18040,Potential Loyalist,19,2,357.20000000000005,2,20,4,422
18041,Champions,472,5,4183.389999999995,5,12,5,555
18042,Lost,7,1,165.04999999999998,1,54,1,111
18043,Others,121,4,559.5099999999996,3,25,3,343
18044,Others,127,5,2088.599999999999,5,88,1,155
18045,Others,47,3,189.39999999999995,1,46,2,231
18048,Others,7,1,172.29000000000002,1,204,4,411
18050,Others,5,1,74.4,1,360,2,211
18053,Others,20,2,300.02000000000004,2,71,1,122
18055,Others,360,5,6784.1900000000005,5,40,2,255
18056,Others,19,2,363.65,2,289,3,322
18058,Others,3,1,170.16,1,10,5,511
18059,Others,19,2,306.46,2,24,3,322
18061,Others,46,3,2119.4099999999994,5,22,3,335
18062,Potential Loyalist,27,2,720.5200000000001,3,174,4,423
18064,Others,7,1,814,3,134,5,513
18065,Others,137,5,2392.830000000001,5,87,1,155
18066,Lost,10,1,318,2,76,1,112
18067,Others,37,3,396.3300000000001,2,41,2,232
18068,Others,1,1,101.69999999999999,1,290,3,311
18069,Champions,470,5,2036.6700000000003,4,1,5,554
18071,Others,25,2,453,2,258,3,322
18072,Potential Loyalist,18,2,247.44,1,157,4,421
18073,Loyal Customers,73,4,3877.520000000002,5,115,5,545
18074,Lost,13,1,489.6,2,697,1,112
18075,Others,142,5,2611.750000000001,5,24,3,355
18077,Others,227,5,2633.009999999999,5,32,2,255
18078,Loyal Customers,29,3,336.13,2,188,4,432
18079,Others,127,5,3651.969999999997,5,46,2,255
18080,Others,2,1,1231.5,4,19,4,414
18081,Potential Loyalist,17,2,343.45,2,113,5,522
18082,Others,73,4,703.3699999999997,3,26,3,343
18084,Others,1,1,90.47999999999999,1,17,4,411
18085,Others,29,3,689.95,3,331,2,233
18086,Lost,7,1,101.33999999999999,1,68,1,111
18087,Others,2,1,4055.7199999999993,5,291,3,315
18088,Others,39,3,167.66999999999996,1,91,1,131
18092,Loyal Customers,89,4,9068.260000000002,5,2,4,445
18093,Others,36,3,2106.52,5,32,2,235
18094,Others,70,4,3017.2999999999993,5,82,1,145
18095,Others,21,2,580.05,3,39,2,223
18096,Loyal Customers,213,5,911.1500000000001,3,12,5,553
18097,Loyal Customers,108,4,2697.7999999999997,5,206,4,445
18099,Others,19,2,168.31000000000003,1,246,3,321
18101,Loyal Customers,41,3,223.65,1,12,5,531
18102,Champions,431,5,259657.30000000005,5,12,5,555
18104,Others,38,3,754.6400000000002,3,302,2,233
18105,Others,18,2,113.48000000000002,1,302,2,221
18106,Others,39,3,430.6999999999999,2,330,2,232
18108,Others,17,2,271,2,255,3,322
18109,Others,444,5,8052.969999999997,5,4,2,255
18110,Loyal Customers,46,3,236.3,1,20,4,431
18112,Potential Loyalist,26,2,352.69,2,13,5,522
18113,Lost,1,1,76.32000000000001,1,546,1,111
18114,Others,28,2,220.1,1,291,3,321
18116,Others,378,5,1418.0300000000013,4,235,3,354
18117,Others,74,4,320.71999999999997,2,26,3,342
18118,Champions,1279,5,5653.819999999971,5,11,5,555
18119,Others,30,3,181.11999999999998,1,516,2,231
18120,Others,17,2,111.14999999999999,1,96,1,121
18121,Loyal Customers,32,3,673.1000000000001,3,125,5,533
18122,Others,364,5,1826.2100000000016,4,3,3,354
18123,Others,36,3,589.4399999999999,3,25,3,333
18125,Others,196,5,1142.989999999999,4,60,1,154
18126,Others,56,3,206.83000000000007,1,61,1,131
18127,Loyal Customers,47,3,348.7299999999999,2,20,4,432
18129,Others,14,2,112.55,1,67,1,121
18130,Loyal Customers,70,4,1059.3900000000003,4,16,4,444
18133,Others,1,1,931.4999999999999,3,35,2,213
18135,Others,20,2,681.9100000000001,3,60,1,123
18136,Others,38,3,784.3299999999998,3,5,2,233
18138,Others,8,1,152.65,1,296,3,311
18139,Loyal Customers,159,5,8438.339999999997,5,18,4,455
18142,Potential Loyalist,15,2,1019.52,4,127,5,524
18143,Loyal Customers,61,4,1000.1599999999997,4,117,5,544
18144,Others,43,3,2888.750000000001,5,35,2,235
18145,Champions,221,5,2861.5500000000006,5,13,5,555
18146,Others,10,1,160.35,1,141,5,511
18147,Others,7,1,179.33999999999997,1,46,2,211
18149,Others,16,2,612.08,3,37,2,223
18150,Loyal Customers,37,3,566.5800000000002,3,141,5,533
18151,Loyal Customers,38,3,653.3499999999999,3,135,5,533
18154,Others,21,2,399.18999999999994,2,44,2,222
18155,Others,25,2,371.62000000000006,2,76,1,122
18156,Loyal Customers,140,5,734.94,3,13,5,553
18158,Loyal Customers,34,3,453.4000000000001,2,1,5,532
18159,Others,23,2,530.1500000000002,3,38,2,223
18160,Others,39,3,638.0600000000002,3,58,1,133
18161,Loyal Customers,80,4,1618.6899999999998,4,16,4,444
18164,Others,24,2,399.65000000000003,2,302,2,222
18165,Others,10,1,302.46000000000004,2,178,4,412
18167,Others,37,3,1384.86,4,24,3,334
18168,Others,131,5,1169.94,4,69,1,154
18169,Lost,9,1,202.65000000000003,1,61,1,111
18170,Loyal Customers,38,3,980.3100000000002,4,113,5,534
18171,Loyal Customers,54,3,1231.3099999999997,4,0,5,534
18172,Others,189,5,7561.68,5,5,2,255
18173,Others,31,3,2106.84,5,68,1,135
18174,Others,1,1,104,1,301,2,211
18176,Others,30,3,476.34999999999997,2,359,2,232
18177,Loyal Customers,74,4,1341.4199999999994,4,121,5,544
18178,Others,97,4,1590.8099999999997,4,249,3,344
18179,Loyal Customers,90,4,1793.1700000000008,4,10,5,544
18180,Loyal Customers,119,4,1843.75,4,1,5,544
18181,Others,44,3,382.79999999999995,2,25,3,332
18183,Others,37,3,632.07,3,68,1,133
18184,Others,1,1,49.8,1,16,4,411
18185,Others,17,2,304.25,2,250,3,322
18188,Loyal Customers,71,4,2001.04,4,16,4,444
18189,Others,68,4,1090.24,4,78,1,144
18190,Potential Loyalist,15,2,284.46,2,193,4,422
18191,Others,7,1,207.79999999999998,1,262,3,311
18192,Others,45,3,957.9699999999999,4,72,1,134
18193,Potential Loyalist,16,2,243.76000000000005,1,166,4,421
18194,At Risk,7,1,973.8399999999999,4,83,1,114
18196,Loyal Customers,141,5,689.1300000000003,3,215,4,453
18198,Others,159,5,5425.560000000004,5,72,1,155
18200,Loyal Customers,32,3,163.8,1,107,5,531
18202,Loyal Customers,68,4,1396.9900000000007,4,200,4,444
18203,Others,19,2,160.42000000000002,1,217,3,321
18204,Others,200,5,1993.7,4,72,1,154
18205,Others,32,3,517.36,3,75,1,133
18209,Others,8,1,139.10000000000002,1,29,3,311
18210,Champions,134,5,2621.379999999999,5,10,5,555
18211,Others,42,3,600.07,3,26,3,333
18212,Others,43,3,248.41999999999993,1,327,2,231
18213,Others,15,2,232.48000000000002,1,237,3,321
18215,Others,13,1,299.34000000000003,2,31,2,212
18216,Potential Loyalist,26,2,481.75,2,121,5,522
18217,Others,31,3,621.75,3,60,1,133
18218,Others,21,2,662.08,3,5,2,223
18219,Others,114,4,2069.7700000000004,5,44,2,245
18220,Others,2,1,305.28000000000003,2,227,3,312
18221,Others,64,4,1041.6100000000001,4,5,2,244
18222,Potential Loyalist,19,2,443,2,123,5,522
18223,Others,272,5,6484.540000000004,5,40,2,255
18224,Others,10,1,158.95000000000002,1,264,3,311
18225,Others,271,5,5509.12,5,22,3,355
18226,Others,242,5,5228.050000000004,5,32,2,255
18227,Others,5,1,93.75,1,188,4,411
18228,Others,30,3,779.9,3,57,1,133
18229,Champions,164,5,7276.900000000001,5,0,5,555
18230,Loyal Customers,86,4,2810.199999999999,5,10,5,545
18231,Loyal Customers,124,5,2083.2700000000013,5,193,4,455
18232,Others,37,3,592.97,3,82,1,133
18233,Others,1,1,440,2,326,2,212
18235,Others,104,4,1796.48,4,32,2,244
18236,Others,49,3,882.24,3,60,1,133
18237,Loyal Customers,61,4,987.0999999999998,4,2,4,444
18239,Others,88,4,1561.6099999999997,4,219,3,344
18240,Others,6,1,422.58000000000004,2,47,2,212
18241,Loyal Customers,104,4,2073.090000000001,5,10,5,545
18242,Others,78,4,2232.49,5,66,1,145
18245,Others,175,5,2567.0599999999995,5,5,2,255
18246,Others,4,1,596.0999999999999,3,24,3,313
18248,Others,47,3,804.02,3,93,1,133
18249,Others,8,1,95.34,1,18,4,411
18250,Others,21,2,349.27000000000004,2,311,2,222
18251,At Risk,16,2,4314.719999999999,5,88,1,125
18252,Others,98,4,526.6699999999996,3,51,2,243
18255,Others,6,1,103.3,1,31,2,211
18257,Others,118,4,2337.6300000000006,5,40,2,245
18259,Others,42,3,2338.600000000001,5,25,3,335
18260,Champions,134,5,2643.2000000000003,5,100,5,555
18261,Others,21,2,324.23999999999995,2,44,2,222
18262,Others,13,1,149.48,1,141,5,511
18263,Others,61,4,1213.16,4,26,3,344
18265,Others,46,3,801.5100000000001,3,73,1,133
18268,Others,1,1,25.5,1,135,5,511
18269,Others,7,1,168.6,1,485,2,211
18270,Others,11,1,283.15000000000003,2,267,3,312
18272,Others,166,5,3078.5800000000004,5,3,3,355
18273,Others,3,1,204,1,151,4,411
18274,Lost,11,1,175.92000000000002,1,90,1,111
18276,Others,14,2,335.8599999999999,2,44,2,222
18277,Others,8,1,110.38,1,0,5,511
18278,Lost,9,1,173.89999999999998,1,74,1,111
18280,Others,10,1,180.6,1,160,4,411
18281,Others,7,1,80.82,1,4,2,211
18282,Others,12,1,178.04999999999998,1,216,4,411
18283,Champions,756,5,2094.880000000003,5,10,5,555
18287,Loyal Customers,70,4,1837.2799999999997,4,0,5,544
